op_id_full,anio,mode,categoria_canon,amount_usd,real_usd,pred_usd,error_usd,error_pct
25108HPER,2025,AIR,REPUESTOS,2392.69,104.7,308.4,203.7,194.5
25004HPER,2025,SEA,SUSTRATOS,31598.4,2833.6,7959.1,5125.5,180.9
25085HPER,2025,AIR,MAQUINARIA,82600.0,436.8,1225.8,789.0,180.6
25084HPER,2025,SEA,EMPAQUE,32370.8,2012.1,5599.8,3587.7,178.3
25132HPER,2025,SEA,SUSTRATOS,82214.15000000001,12264.9,28034.7,15769.8,128.6
25133HPER,2025,SEA,SUSTRATOS,82214.15000000001,12264.9,28034.7,15769.8,128.6
25131HPER,2025,SEA,SUSTRATOS,82214.15000000001,12344.9,28034.7,15689.8,127.1
25128HPER,2025,SEA,SUSTRATOS,82214.15000000001,12630.8,28034.7,15404.0,122.0
25130HPER,2025,SEA,SUSTRATOS,82214.15000000001,12933.7,28034.7,15101.1,116.8
25125HPER,2025,SEA,SUSTRATOS,82214.15000000001,12388.2,26631.5,14243.3,115.0
25127HPER,2025,SEA,SUSTRATOS,82214.15000000001,12638.2,26631.5,13993.3,110.7
25103HPER,2025,AIR,REPUESTOS,10629.900000000001,1011.9,2101.2,1089.2,107.6
25147HPER,2025,SEA,SUSTRATOS,18653.65,2496.5,5181.6,2685.1,107.6
25032HPER,2025,SEA,MAQUINARIA,56390.64,4121.8,7983.3,3861.4,93.7
25122HPER,2025,SEA,SUSTRATOS,82214.15000000001,12388.2,23417.3,11029.1,89.0
25178HPER,2025,SEA,AGROQUIMICOS,415737.6,6760.0,12712.7,5952.7,88.1
25123HPER,2025,SEA,SUSTRATOS,82214.15000000001,12738.2,23417.3,10679.1,83.8
25091HPER,2025,SEA,EMPAQUE,22680.0,12557.4,2470.0,-10087.4,80.3
25093HPER,2025,SEA,EMPAQUE,22680.0,11473.7,2518.5,-8955.1,78.0
25121HPER,2025,SEA,SUSTRATOS,74614.6,9953.9,17521.6,7567.7,76.0
25120HPER,2025,SEA,SUSTRATOS,93268.25,12349.3,21494.8,9145.5,74.1
25145HPER,2025,SEA,EMPAQUE,16182.0,4118.6,7150.8,3032.3,73.6
25059HPER,2025,SEA,EMPAQUE,16182.0,4129.0,7150.8,3021.9,73.2
25095HPER,2025,SEA,EMPAQUE,22680.0,8733.6,2503.8,-6229.8,71.3
25037HPER,2025,AIR,EQUIPOS_INSTR,123.52,159.9,267.7,107.7,67.3
25081HPER,2025,AIR,REPUESTOS,33399.31,1807.4,2887.3,1079.9,59.7
25129HPER,2025,SEA,SUSTRATOS,82214.15000000001,16369.4,25929.0,9559.6,58.4
25144HPER,2025,AIR,EQUIPOS_INSTR,2628.0,924.5,1455.3,530.7,57.4
25176HPER,2025,AIR,EMPAQUE,20225.91,6937.2,3014.4,-3922.8,56.5
25119HPER,2025,SEA,EMPAQUE,33722.84,2438.7,3789.3,1350.6,55.4
25090HPER,2025,SEA,EMPAQUE,34020.0,15769.9,7177.1,-8592.8,54.5
25045HPER,2025,SEA,EMPAQUE,16484.58,4640.7,7157.9,2517.2,54.2
25180HPER,2025,AIR,REPUESTOS,205.0,818.8,1249.9,431.1,52.6
25094HPER,2025,SEA,EMPAQUE,34020.0,14035.8,6697.3,-7338.5,52.3
25028HPER,2025,AIR,REPUESTOS,42035.229999999996,1380.8,2100.9,720.1,52.2
25058HPER,2025,SEA,EMPAQUE,63000.0,16470.7,24823.4,8352.7,50.7
25187HPER,2025,AIR,EMPAQUE,424.8,1427.8,707.1,-720.7,50.5
25181HPER,2025,SEA,AGROQUIMICOS,72924.0,2126.7,3196.9,1070.2,50.3
25052HPER,2025,SEA,EMPAQUE,29674.870000000003,7623.0,11365.4,3742.5,49.1
25148HPER,2025,SEA,SUSTRATOS,73986.0,26566.5,13515.2,-13051.3,49.1
25056HPER,2025,SEA,EMPAQUE,56808.240000000005,16827.0,24878.2,8051.2,47.8
25126HPER,2025,AIR,EQUIPOS_INSTR,2496.3,257.2,135.6,-121.6,47.3
25183HPER,2025,AIR,REPUESTOS,11162.35,2420.2,1300.5,-1119.8,46.3
25118HPER,2025,SEA,EMPAQUE,69939.1,5355.7,2879.5,-2476.3,46.2
25190HPER,2025,SEA,AGROQUIMICOS,356832.0,5867.3,8505.6,2638.3,45.0
25184HPER,2025,AIR,EQUIPOS_INSTR,232.0,168.5,243.5,75.0,44.5
25051HPER,2025,SEA,EMPAQUE,30758.33,7720.7,11122.2,3401.5,44.1
25113HPER,2025,AIR,REPUESTOS,289.52,2046.3,1184.7,-861.6,42.1
25072HPER,2025,SEA,EMPAQUE,71187.05,16157.9,22966.6,6808.7,42.1
25194HPER,2025,SEA,SUSTRATOS,144510.8,13888.0,8060.1,-5827.9,42.0
25054HPER,2025,SEA,EMPAQUE,57153.240000000005,16627.8,23563.0,6935.2,41.7
25101HPER,2025,AIR,EQUIPOS_INSTR,1300.0,1064.6,1502.3,437.6,41.1
25046HPER,2025,SEA,EMPAQUE,16484.58,4335.2,6108.2,1773.0,40.9
25030HPER,2025,SEA,AGROQUIMICOS,51610.37,4831.0,6792.0,1961.0,40.6
25138HPER,2025,AIR,REPUESTOS,5249.0,842.3,1176.7,334.3,39.7
25092HPER,2025,SEA,EMPAQUE,56681.1,28440.2,17176.8,-11263.4,39.6
25020HPER,2025,AIR,REPUESTOS,13506.07,1087.5,1516.1,428.6,39.4
25069HPER,2025,SEA,EMPAQUE,65938.32,16712.0,23187.9,6475.9,38.7
25172HPER,2025,AIR,REPUESTOS,2973.0,793.5,1096.7,303.2,38.2
25111HPER,2025,AIR,EQUIPOS_INSTR,3265.82,882.3,1217.5,335.3,38.0
25099HPER,2025,SEA,EMPAQUE,42054.61,5389.0,3413.3,-1975.7,36.7
25033HPER,2025,AIR,EMPAQUE,5460.0,7565.9,4800.5,-2765.4,36.6
25082HPER,2025,AIR,REPUESTOS,11675.18,1192.8,1629.7,436.9,36.6
25049HPER,2025,AIR,EQUIPOS_INSTR,1733.4,1801.0,1145.3,-655.7,36.4
25083HPER,2025,AIR,EQUIPOS_INSTR,1482.35,978.4,1326.3,348.0,35.6
25074HPER,2025,SEA,EMPAQUE,65938.32,17112.1,22916.7,5804.6,33.9
25040HPER,2025,AIR,REPUESTOS,5638.49,1126.8,1504.1,377.3,33.5
25179HPER,2025,AIR,REPUESTOS,5504.79,910.4,1214.5,304.2,33.4
25109HPER,2025,AIR,REPUESTOS,371.17,325.5,223.1,-102.4,31.4
25112HPER,2025,AIR,EQUIPOS_INSTR,1358.4,215.8,282.1,66.3,30.7
25043HPER,2025,SEA,EMPAQUE,66830.40000000001,16200.7,21175.1,4974.4,30.7
25089HPER,2025,AIR,EMPAQUE,26905.6,8522.0,5926.9,-2595.1,30.5
25149HPER,2025,SEA,SUSTRATOS,59188.8,9259.9,12029.8,2769.9,29.9
25153HPER,2025,SEA,SUSTRATOS,59188.8,9346.7,12118.0,2771.3,29.7
25047HPER,2025,AIR,REPUESTOS,13051.78,1027.4,1331.5,304.1,29.6
25170HPER,2025,SEA,EMPAQUE,20599.92,3995.0,5162.9,1167.9,29.2
25164HPER,2025,SEA,SUSTRATOS,81001.79999999999,15223.6,10825.1,-4398.6,28.9
25027HPER,2025,AIR,REPUESTOS,5004.639999999999,975.6,1248.1,272.5,27.9
25102HPER,2025,AIR,PLANTAS,4260.8,1775.8,2257.4,481.6,27.1
25169HPER,2025,SEA,EMPAQUE,20599.92,4118.6,5198.8,1080.2,26.2
25064HPER,2025,SEA,EMPAQUE,32969.16,8532.0,10702.8,2170.8,25.4
25136HPER,2025,SEA,AGROQUIMICOS,123664.0,2629.8,3290.8,661.0,25.1
25077HPER,2025,AIR,EMPAQUE,79669.15,5660.6,7079.9,1419.3,25.1
25135HPER,2025,SEA,EMPAQUE,31500.0,8255.9,10313.0,2057.1,24.9
25155HPER,2025,SEA,SUSTRATOS,73986.0,17611.6,13318.3,-4293.4,24.4
25100HPER,2025,AIR,EQUIPOS_INSTR,1218.98,1026.7,1272.4,245.7,23.9
25076HPER,2025,SEA,EMPAQUE,21733.31,4122.2,5105.3,983.1,23.8
25053HPER,2025,SEA,EMPAQUE,76328.66,21086.2,26001.4,4915.3,23.3
25166HPER,2025,SEA,SUSTRATOS,81001.79999999999,14458.6,11101.8,-3356.8,23.2
25163HPER,2025,SEA,SUSTRATOS,81001.79999999999,14133.6,10862.4,-3271.2,23.1
25165HPER,2025,SEA,SUSTRATOS,81001.79999999999,14493.6,11159.1,-3334.5,23.0
25168HPER,2025,SEA,EMPAQUE,44835.12,8162.6,10029.4,1866.8,22.9
25140HPER,2025,SEA,SUSTRATOS,59188.8,9789.9,11992.7,2202.8,22.5
25057HPER,2025,SEA,EMPAQUE,67866.48000000001,20490.1,25087.4,4597.3,22.4
25159HPER,2025,SEA,SUSTRATOS,73986.0,12264.9,14914.2,2649.3,21.6
25177HPER,2025,AIR,EQUIPOS_INSTR,677.73,1017.4,1226.1,208.7,20.5
25185HPER,2025,AIR,REPUESTOS,14686.87,2031.2,1615.8,-415.4,20.4
25154HPER,2025,SEA,SUSTRATOS,73986.0,16644.6,13318.3,-3326.3,20.0
25158HPER,2025,SEA,SUSTRATOS,73986.0,12504.7,14914.2,2409.6,19.3
25182HPER,2025,AIR,REPUESTOS,12252.0,1719.3,1390.9,-328.4,19.1
25146HPER,2025,AIR,REPUESTOS,7584.04,1074.8,1275.2,200.3,18.6
25071HPER,2025,SEA,EMPAQUE,32969.16,8088.2,9576.8,1488.6,18.4
25105HPER,2025,AIR,PLANTAS,4299.2,1973.0,2332.3,359.3,18.2
25079HPER,2025,SEA,AGROQUIMICOS,99828.0,6041.0,4987.5,-1053.6,17.4
25104HPER,2025,AIR,PLANTAS,31.5,1697.3,1403.6,-293.6,17.3
25156HPER,2025,SEA,SUSTRATOS,73986.0,16087.7,13318.3,-2769.4,17.2
25151HPER,2025,SEA,SUSTRATOS,73986.0,11663.0,13598.2,1935.2,16.6
25096HPER,2025,AIR,REPUESTOS,2389.7000000000003,908.7,1053.1,144.4,15.9
25029HPER,2025,SEA,AGROQUIMICOS,37382.4,2818.2,3260.1,442.0,15.7
25137HPER,2025,AIR,EQUIPOS_INSTR,40654.04,3861.9,3264.0,-597.9,15.5
25174HPER,2025,AIR,REPUESTOS,879.74,404.6,343.8,-60.8,15.0
25157HPER,2025,SEA,SUSTRATOS,73986.0,15614.6,13318.3,-2296.3,14.7
25050HPER,2025,SEA,EMPAQUE,55400.9,15863.8,18110.5,2246.6,14.2
25014HPER,2025,SEA,AGROQUIMICOS,296888.0,11543.9,9954.0,-1590.0,13.8
25162HPER,2025,SEA,SUSTRATOS,177566.40000000002,13996.2,12173.7,-1822.4,13.0
25039HPER,2025,AIR,REPUESTOS,26252.99,1360.0,1183.0,-177.1,13.0
25042HPER,2025,AIR,PLANTAS,1784.2,1725.3,1946.5,221.2,12.8
25048HPER,2025,SEA,AGROQUIMICOS,209568.0,7053.9,7919.4,865.5,12.3
25018HPER,2025,SEA,SUSTRATOS,61708.7,12636.1,14164.8,1528.7,12.1
25080HPER,2025,AIR,REPUESTOS,8100.79,1108.8,978.2,-130.6,11.8
25171HPER,2025,AIR,PLANTAS,4261.3,1998.4,2229.6,231.2,11.6
25124HPER,2025,SEA,MAQUINARIA,79295.85,3312.5,3691.8,379.3,11.5
25068HPER,2025,SEA,EMPAQUE,32969.16,8347.7,9288.5,940.8,11.3
25015HPER,2025,SEA,AGROQUIMICOS,17700.0,6340.8,5671.2,-669.6,10.6
25175HPER,2025,SEA,AGROQUIMICOS,17700.0,6342.2,5711.4,-630.8,9.9
25066HPER,2025,SEA,EMPAQUE,86197.77,19606.9,21483.1,1876.2,9.6
25031HPER,2025,SEA,AGROQUIMICOS,3035.9,986.0,1079.4,93.4,9.5
25141HPER,2025,SEA,SUSTRATOS,73986.0,12409.7,13504.3,1094.6,8.8
25152HPER,2025,SEA,SUSTRATOS,73986.0,14683.9,13598.2,-1085.7,7.4
25161HPER,2025,SEA,SUSTRATOS,73986.0,13517.4,14464.9,947.5,7.0
25139HPER,2025,SEA,AGROQUIMICOS,98530.0,5807.0,5424.8,-382.3,6.6
25097HPER,2025,SEA,EMPAQUE,174844.82,12242.0,11430.3,-811.7,6.6
25098HPER,2025,SEA,EMPAQUE,174847.75,12242.0,11430.3,-811.7,6.6
25036HPER,2025,SEA,AGROQUIMICOS,103220.74,9413.1,8835.5,-577.6,6.1
25186HPER,2025,SEA,SUSTRATOS,89704.0,7123.4,7551.7,428.3,6.0
25150HPER,2025,SEA,SUSTRATOS,73986.0,14427.8,13598.2,-829.6,5.8
25075HPER,2025,SEA,EMPAQUE,41758.130000000005,8494.8,8989.3,494.5,5.8
25012HPER,2025,SEA,AGROQUIMICOS,138768.0,4982.2,5250.5,268.3,5.4
25078HPER,2025,AIR,EQUIPOS_INSTR,4310.66,1291.4,1359.9,68.4,5.3
25115HPER,2025,SEA,EMPAQUE,174847.75,14149.2,13401.3,-747.9,5.3
25060HPER,2025,SEA,EMPAQUE,41808.24,12881.8,12241.5,-640.3,5.0
25160HPER,2025,SEA,SUSTRATOS,73986.0,15226.4,14464.9,-761.6,5.0
25086HPER,2025,AIR,REPUESTOS,11946.0,1138.3,1191.6,53.3,4.7
25116HPER,2025,SEA,EMPAQUE,174847.75,14004.2,13401.3,-602.9,4.3
25044HPER,2025,SEA,AGROQUIMICOS,17700.0,6523.3,6250.3,-273.0,4.2
25087HPER,2025,AIR,REPUESTOS,19613.02,1537.4,1475.6,-61.8,4.0
25107HPER,2025,SEA,AGROQUIMICOS,17700.0,6358.6,6109.3,-249.3,3.9
25117HPER,2025,SEA,EMPAQUE,174847.75,13444.0,13913.3,469.3,3.5
25067HPER,2025,SEA,EMPAQUE,54702.47,12619.8,13021.5,401.7,3.2
25035HPER,2025,SEA,AGROQUIMICOS,101952.0,5779.2,5604.9,-174.3,3.0
25134HPER,2025,AIR,REPUESTOS,907.5300000000001,261.3,253.5,-7.8,3.0
25073HPER,2025,SEA,EMPAQUE,59757.48,12223.7,12586.2,362.5,3.0
25038HPER,2025,SEA,AGROQUIMICOS,17700.0,6523.3,6335.2,-188.0,2.9
25143HPER,2025,AIR,PLANTAS,1230.0,1864.3,1810.8,-53.5,2.9
25061HPER,2025,SEA,EMPAQUE,41805.240000000005,12147.7,12477.6,329.9,2.7
25016HPER,2025,SEA,AGROQUIMICOS,101952.0,5501.8,5352.5,-149.3,2.7
25013HPER,2025,SEA,AGROQUIMICOS,121209.6,5565.5,5700.4,135.0,2.4
25021HPER,2025,SEA,AGROQUIMICOS,178416.0,5417.8,5536.9,119.2,2.2
25065HPER,2025,SEA,EMPAQUE,32969.16,9620.5,9822.6,202.1,2.1
25063HPER,2025,AIR,REPUESTOS,14959.95,1573.2,1544.7,-28.5,1.8
25055HPER,2025,SEA,EMPAQUE,44529.12,12574.4,12785.6,211.2,1.7
25088HPER,2025,AIR,REPUESTOS,3616.57,1011.8,1026.6,14.8,1.5
25070HPER,2025,SEA,EMPAQUE,49453.740000000005,12535.8,12383.9,-151.9,1.2
25173HPER,2025,AIR,REPUESTOS,3705.2,1020.6,1029.4,8.8,0.9
25189HPER,2025,SEA,AGROQUIMICOS,35400.0,7364.8,7410.0,45.2,0.6
25034HPER,2025,SEA,AGROQUIMICOS,17700.0,6298.3,6321.2,22.9,0.4
25114HPER,2025,AIR,REPUESTOS,8620.46,1252.8,1249.5,-3.3,0.3
25005HPER,2025,AIR,EMPAQUE,0.0,31.0,126.7,95.7,
25017HPER,2025,AIR,EMPAQUE,20.0,31.0,17.7,-13.3,
25019HPER,2025,AIR,EQUIPOS_INSTR,87.74,31.0,105.9,74.9,
25022HPER,2025,AIR,EMPAQUE,250.0,23.6,26.2,2.6,
25023HPER,2025,AIR,EMPAQUE,100.0,0.0,30.8,30.8,
25024HPER,2025,AIR,EMPAQUE,200.0,0.0,31.0,31.0,
25041HPER,2025,AIR,EMPAQUE,6.8,0.0,24.6,24.6,
25106HPER,2025,AIR,MAQUINARIA,100.0,0.0,11.2,11.2,
25142HPER,2025,AIR,EMPAQUE,6.0,0.0,7.2,7.2,
