op_id_full,anio,mode,categoria_canon,status,servicios_pred_usd,p10_usd,p90_usd
22005HPER,2022,SEA,SUSTRATOS,LIQUIPARCIAL,8003.0,5396.5,9863.0
22025HPER,2022,SEA,SUSTRATOS,LIQUIPARCIAL,8189.1,5575.5,10179.1
22044HPER,2022,SEA,AGROQUIMICOS,LIQUIPARCIAL,4439.5,3328.9,7084.8
22047HPER,2022,AIR,EQUIPOS_INSTR,LIQUIPARCIAL,77.6,8.1,586.2
22049HPER,2022,SEA,AGROQUIMICOS,LIQUIPARCIAL,11062.6,5419.7,12825.2
22053HPER,2022,AIR,REPUESTOS,LIQUIPARCIAL,3084.4,1546.3,4800.1
22054HPER,2022,AIR,REPUESTOS,LIQUIPARCIAL,3914.9,1571.6,3815.0
22055HPER,2022,AIR,REPUESTOS,LIQUIPARCIAL,1570.8,1119.2,3061.2
22060HPER,2022,SEA,REPUESTOS,LIQUIPARCIAL,13411.9,6356.9,20804.4
22061HPER,2022,SEA,AGROQUIMICOS,LIQUIPARCIAL,13482.8,5716.4,16548.9
22062HPER,2022,SEA,SUSTRATOS,LIQUIPARCIAL,34186.2,7280.2,44661.5
22063HPER,2022,AIR,PLANTAS,LIQUIPARCIAL,5273.2,3389.5,6589.6
22067HPER,2022,AIR,REPUESTOS,LIQUIPARCIAL,1366.7,784.5,1348.5
22068HPER,2022,SEA,AGROQUIMICOS,LIQUIPARCIAL,1777.0,1181.8,3972.3
22069HPER,2022,AIR,REPUESTOS,LIQUIPARCIAL,1466.5,1010.6,1696.5
22077HPER,2022,AIR,REPUESTOS,LIQUIPARCIAL,989.9,100.9,1924.9
22078HPER,2022,AIR,REPUESTOS,LIQUIPARCIAL,1304.4,831.0,1300.2
22079HPER,2022,AIR,EQUIPOS_INSTR,LIQUIPARCIAL,274.5,153.1,862.0
22080HPER,2022,SEA,SUSTRATOS,LIQUIPARCIAL,12858.9,8019.2,12995.1
22081HPER,2022,SEA,SUSTRATOS,LIQUIPARCIAL,12853.7,8019.2,12996.6
22082HPER,2022,SEA,SUSTRATOS,LIQUIPARCIAL,12442.2,7988.7,12975.6
22083HPER,2022,SEA,SUSTRATOS,LIQUIPARCIAL,12442.2,7988.7,12975.6
22084HPER,2022,SEA,SUSTRATOS,LIQUIPARCIAL,12858.9,8019.2,12995.1
22085HPER,2022,SEA,SUSTRATOS,LIQUIPARCIAL,9456.3,6105.3,11909.8
22086HPER,2022,SEA,SUSTRATOS,LIQUIPARCIAL,9456.3,6105.3,11909.8
22087HPER,2022,SEA,SUSTRATOS,LIQUIPARCIAL,9456.3,6105.3,11909.8
22088HPER,2022,AIR,REPUESTOS,LIQUIPARCIAL,131.4,36.5,303.6
22094HPER,2022,AIR,PLANTAS,LIQUIPARCIAL,5558.6,3390.9,7082.1
22095HPER,2022,SEA,AGROQUIMICOS,LIQUIPARCIAL,6360.3,4236.4,8452.1
22096HPER,2022,AIR,PLANTAS,LIQUIPARCIAL,7251.9,4630.1,8136.2
22099HPER,2022,AIR,PLANTAS,LIQUIPARCIAL,2462.8,1969.7,4712.4
22104HPER,2022,AIR,EQUIPOS_INSTR,LIQUIPARCIAL,788.5,486.6,1541.9
22114HPER,2022,AIR,EQUIPOS_INSTR,LIQUIPARCIAL,188.2,78.8,1077.3
22116HPER,2022,AIR,PLANTAS,LIQUIPARCIAL,4754.7,3339.5,6569.9
22117HPER,2022,SEA,AGROQUIMICOS,LIQUIPARCIAL,12725.4,6396.0,15739.7
22118HPER,2022,SEA,AGROQUIMICOS,LIQUIPARCIAL,6384.4,3997.3,8619.2
22119HPER,2022,SEA,AGROQUIMICOS,LIQUIPARCIAL,6895.0,3826.5,15142.0
22120HPER,2022,SEA,SUSTRATOS,LIQUIPARCIAL,9363.3,6444.1,10112.8
22121HPER,2022,SEA,SUSTRATOS,LIQUIPARCIAL,9363.3,6444.1,10112.8
22122HPER,2022,SEA,SUSTRATOS,LIQUIPARCIAL,9363.3,6444.1,10112.8
22123HPER,2022,SEA,SUSTRATOS,LIQUIPARCIAL,8889.9,5993.6,11364.8
22124HPER,2022,SEA,SUSTRATOS,LIQUIPARCIAL,9977.1,6678.3,10353.5
22125HPER,2022,SEA,SUSTRATOS,LIQUIPARCIAL,9977.1,6678.3,10353.5
22126HPER,2022,SEA,SUSTRATOS,LIQUIPARCIAL,10333.4,7025.7,10424.8
22127HPER,2022,SEA,SUSTRATOS,LIQUIPARCIAL,10333.4,7025.7,10424.8
22128HPER,2022,SEA,SUSTRATOS,LIQUIPARCIAL,10333.4,7025.7,10424.8
22129HPER,2022,SEA,SUSTRATOS,LIQUIPARCIAL,8882.8,6002.6,10686.1
22130HPER,2022,SEA,SUSTRATOS,LIQUIPARCIAL,8882.8,6002.6,10686.1
22131HPER,2022,SEA,SUSTRATOS,LIQUIPARCIAL,8882.8,6002.6,10686.1
22132HPER,2022,SEA,SUSTRATOS,LIQUIPARCIAL,10333.4,7025.7,10424.8
22133HPER,2022,SEA,SUSTRATOS,LIQUIPARCIAL,10333.4,7025.7,10424.8
22134HPER,2022,SEA,SUSTRATOS,LIQUIPARCIAL,10333.4,7025.7,10424.8
22135HPER,2022,SEA,SUSTRATOS,LIQUIPARCIAL,9539.1,6401.3,10428.4
22136HPER,2022,SEA,SUSTRATOS,LIQUIPARCIAL,9539.1,6401.3,10428.4
22137HPER,2022,SEA,SUSTRATOS,LIQUIPARCIAL,9539.1,6401.3,10428.4
22138HPER,2022,SEA,SUSTRATOS,LIQUIPARCIAL,8595.5,5682.0,9240.7
22139HPER,2022,SEA,SUSTRATOS,LIQUIPARCIAL,5571.1,3772.2,7473.6
22143HPER,2022,AIR,REPUESTOS,LIQUIPARCIAL,163.2,75.8,372.6
22144HPER,2022,SEA,EQUIPOS_INSTR,LIQUIPARCIAL,1251.1,906.9,2919.2
22145HPER,2022,AIR,PLANTAS,LIQUIPARCIAL,8422.8,4886.5,9125.9
22146HPER,2022,SEA,EQUIPOS_INSTR,LIQUIPARCIAL,3810.5,1183.2,11634.8
22147HPER,2022,AIR,REPUESTOS,LIQUIPARCIAL,1086.5,769.3,1107.2
22148HPER,2022,AIR,PLANTAS,LIQUIPARCIAL,2017.9,1101.8,3508.4
22149HPER,2022,AIR,PLANTAS,LIQUIPARCIAL,4547.3,3058.1,8121.9
22150HPER,2022,AIR,PLANTAS,LIQUIPARCIAL,4896.4,2978.6,6237.3
22153HPER,2022,AIR,PLANTAS,LIQUIPARCIAL,5330.0,3393.6,6664.7
22154HPER,2022,AIR,PLANTAS,LIQUIPARCIAL,4754.0,3244.3,5951.3
22156HPER,2022,AIR,REPUESTOS,LIQUIPARCIAL,1397.1,959.4,1783.5
22157HPER,2022,SEA,AGROQUIMICOS,LIQUIPARCIAL,6086.0,4109.8,8310.8
22158HPER,2022,SEA,EQUIPOS_INSTR,LIQUIPARCIAL,1918.4,1046.6,5118.2
22161HPER,2022,SEA,SUSTRATOS,LIQUIPARCIAL,5187.4,3621.9,8168.9
22162HPER,2022,SEA,SUSTRATOS,LIQUIPARCIAL,5057.8,3525.2,9052.6
22164HPER,2022,SEA,SUSTRATOS,LIQUIPARCIAL,5300.9,3668.5,8236.7
22165HPER,2022,SEA,SUSTRATOS,LIQUIPARCIAL,5535.4,3669.1,8355.3
22167HPER,2022,SEA,SUSTRATOS,LIQUIPARCIAL,5361.6,3629.0,8593.0
22168HPER,2022,SEA,SUSTRATOS,LIQUIPARCIAL,5383.9,3629.0,8614.4
22169HPER,2022,SEA,SUSTRATOS,LIQUIPARCIAL,4611.5,3269.1,7307.4
22170HPER,2022,SEA,SUSTRATOS,LIQUIPARCIAL,4687.2,3311.2,7157.4
22171HPER,2022,SEA,SUSTRATOS,LIQUIPARCIAL,4460.5,3328.7,7333.9
22172HPER,2022,SEA,SUSTRATOS,LIQUIPARCIAL,6921.0,5091.3,8258.9
22176HPER,2022,AIR,PLANTAS,LIQUIPARCIAL,5228.5,3004.2,6501.6
22177HPER,2022,AIR,REPUESTOS,LIQUIPARCIAL,333.1,152.1,419.6
22179HPER,2022,AIR,REPUESTOS,LIQUIPARCIAL,240.6,140.5,435.2
22180HPER,2022,AIR,REPUESTOS,LIQUIPARCIAL,4913.3,2102.0,6801.6
22181HPER,2022,SEA,SUSTRATOS,LIQUIPARCIAL,9025.6,5827.7,9082.1
22182HPER,2022,SEA,SUSTRATOS,LIQUIPARCIAL,9039.4,5850.5,9252.8
22183HPER,2022,SEA,SUSTRATOS,LIQUIPARCIAL,9025.6,5827.7,9082.1
22184HPER,2022,SEA,SUSTRATOS,LIQUIPARCIAL,5290.5,3802.5,6645.7
22185HPER,2022,SEA,SUSTRATOS,LIQUIPARCIAL,8923.6,5897.0,8890.4
22186HPER,2022,SEA,SUSTRATOS,LIQUIPARCIAL,5443.3,4073.1,6906.5
22187HPER,2022,SEA,SUSTRATOS,LIQUIPARCIAL,8167.8,5108.5,10128.0
22188HPER,2022,SEA,SUSTRATOS,LIQUIPARCIAL,4941.5,3299.1,8005.3
22189HPER,2022,SEA,SUSTRATOS,LIQUIPARCIAL,5364.3,3694.5,8598.7
22190HPER,2022,SEA,SUSTRATOS,LIQUIPARCIAL,8131.1,5103.7,10200.4
22192HPER,2022,SEA,SUSTRATOS,LIQUIPARCIAL,5875.9,3754.8,8068.7
22196HPER,2022,AIR,PLANTAS,LIQUIPARCIAL,5588.1,3719.4,7719.6
22197HPER,2022,AIR,PLANTAS,LIQUIPARCIAL,2103.5,1555.9,4057.7
22198HPER,2022,AIR,PLANTAS,LIQUIPARCIAL,2038.5,1502.0,3622.2
22199HPER,2022,AIR,REPUESTOS,LIQUIPARCIAL,1342.8,660.1,1874.1
22202HPER,2022,SEA,SUSTRATOS,LIQUIPARCIAL,8673.7,5729.2,10835.2
22204HPER,2022,SEA,SUSTRATOS,LIQUIPARCIAL,10286.3,6610.6,12194.1
22205HPER,2022,SEA,SUSTRATOS,LIQUIPARCIAL,5312.1,3402.4,7455.5
22206HPER,2022,SEA,SUSTRATOS,LIQUIPARCIAL,10286.3,6610.6,12194.1
22207HPER,2022,SEA,SUSTRATOS,LIQUIPARCIAL,10286.3,6610.6,12194.1
22208HPER,2022,SEA,SUSTRATOS,LIQUIPARCIAL,10286.3,6610.6,12194.1
22209HPER,2022,SEA,SUSTRATOS,LIQUIPARCIAL,10286.3,6610.6,12194.1
22211HPER,2022,SEA,SUSTRATOS,LIQUIPARCIAL,10120.7,6734.0,12273.2
22212HPER,2022,SEA,SUSTRATOS,LIQUIPARCIAL,10319.6,6806.0,12544.4
22213HPER,2022,SEA,SUSTRATOS,LIQUIPARCIAL,10319.6,6806.0,12544.4
22214HPER,2022,SEA,SUSTRATOS,LIQUIPARCIAL,10319.6,6806.0,12544.4
22215HPER,2022,SEA,SUSTRATOS,LIQUIPARCIAL,9125.2,6172.9,10475.3
22219HPER,2022,SEA,SUSTRATOS,LIQUIPARCIAL,10282.0,6843.8,12837.1
22220HPER,2022,SEA,SUSTRATOS,LIQUIPARCIAL,6333.3,3827.2,9453.1
22221HPER,2022,SEA,SUSTRATOS,LIQUIPARCIAL,10457.0,7004.1,13934.6
22222HPER,2022,SEA,SUSTRATOS,LIQUIPARCIAL,11032.6,7048.2,13899.7
22223HPER,2022,SEA,SUSTRATOS,LIQUIPARCIAL,9313.7,6069.5,11947.7
22224HPER,2022,AIR,PLANTAS,LIQUIPARCIAL,6332.3,4185.6,9128.1
22225HPER,2022,AIR,PLANTAS,LIQUIPARCIAL,8827.1,4504.1,10000.5
22226HPER,2022,AIR,PLANTAS,LIQUIPARCIAL,9273.7,4472.3,11968.2
22227HPER,2022,AIR,REPUESTOS,LIQUIPARCIAL,2193.5,1105.1,4376.6
22228HPER,2022,AIR,PLANTAS,LIQUIPARCIAL,4717.3,3104.2,9008.6
22231HPER,2022,AIR,EQUIPOS_INSTR,LIQUIPARCIAL,1374.1,856.8,1763.5
22235HPER,2022,SEA,EQUIPOS_INSTR,LIQUIPARCIAL,3834.7,1550.2,5873.0
22236HPER,2022,SEA,AGROQUIMICOS,LIQUIPARCIAL,9828.0,4784.2,11725.8
22237HPER,2022,SEA,AGROQUIMICOS,LIQUIPARCIAL,7957.6,3923.1,9742.9
22238HPER,2022,AIR,PLANTAS,LIQUIPARCIAL,8512.5,4978.8,12622.4
22240HPER,2022,SEA,SUSTRATOS,LIQUIPARCIAL,3324.6,1834.4,6678.4
22241HPER,2022,SEA,SUSTRATOS,LIQUIPARCIAL,10414.2,7527.2,12529.9
22243HPER,2022,SEA,SUSTRATOS,LIQUIPARCIAL,9565.9,7117.3,10697.2
22244HPER,2022,SEA,SUSTRATOS,LIQUIPARCIAL,2999.3,1790.4,4959.3
22245HPER,2022,SEA,SUSTRATOS,LIQUIPARCIAL,10576.3,7770.2,13932.1
22246HPER,2022,SEA,SUSTRATOS,LIQUIPARCIAL,9574.9,6583.2,12031.6
22247HPER,2022,SEA,SUSTRATOS,LIQUIPARCIAL,10656.8,7845.9,14115.9
22248HPER,2022,SEA,SUSTRATOS,LIQUIPARCIAL,6077.6,4111.1,8859.6
22249HPER,2022,AIR,PLANTAS,LIQUIPARCIAL,5231.0,2905.5,7123.1
22250HPER,2022,AIR,PLANTAS,LIQUIPARCIAL,4560.9,1963.6,5727.8
22252HPER,2022,AIR,REPUESTOS,LIQUIPARCIAL,266.0,124.0,415.4
22253HPER,2022,AIR,EQUIPOS_INSTR,LIQUIPARCIAL,1309.9,514.6,1874.5
22254HPER,2022,AIR,REPUESTOS,LIQUIPARCIAL,736.9,309.9,1148.0
22256HPER,2022,AIR,PLANTAS,LIQUIPARCIAL,2683.2,1864.1,4882.2
22257HPER,2022,AIR,PLANTAS,LIQUIPARCIAL,7434.1,4614.1,10450.6
22258HPER,2022,AIR,PLANTAS,LIQUIPARCIAL,3152.2,2044.4,6650.7
22260HPER,2022,AIR,EQUIPOS_INSTR,LIQUIPARCIAL,255.1,132.7,513.5
22270HPER,2022,AIR,PLANTAS,LIQUIPARCIAL,5852.5,3792.2,7239.6
22271HPER,2022,SEA,SUSTRATOS,LIQUIPARCIAL,8601.4,5896.3,9724.8
22278HPER,2022,AIR,PLANTAS,LIQUIPARCIAL,6011.2,3897.2,9818.9
24235HPER,2024,AIR,PLANTAS,RECIBIDO,2181.6,1589.8,2843.7
24237HPER,2024,SEA,AGROQUIMICOS,POR RETIRAR,7902.4,5152.7,9025.0
24242HPER,2024,SEA,EMPAQUE,RETIRADO,8838.0,6885.9,12788.3
24243HPER,2024,SEA,AGROQUIMICOS,POR RETIRAR,3963.1,2541.8,6027.6
24244HPER,2024,AIR,REPUESTOS,LIQPARCIAL,1901.0,1094.9,2953.2
25001HPER,2025,AIR,EMPAQUE,LIQPARCIAL,2863.5,960.7,4549.3
25002HPER,2025,SEA,AGROQUIMICOS,TRANSITO,2353.6,1456.8,5305.8
25003HPER,2025,AIR,REPUESTOS,LIQPARCIAL,4231.3,1922.6,8398.5
25006HPER,2025,AIR,REPUESTOS,RETIRADO,1655.5,984.8,2267.1
25007HPER,2025,AIR,PLANTAS,LIQPARCIAL,1292.5,719.5,2043.6
25008HPER,2025,AIR,REPUESTOS,ADUANAS,2091.8,1146.5,3040.1
25009HPER,2025,AIR,REPUESTOS,RETIRADO,1776.6,940.8,1998.3
25010HPER,2025,AIR,REPUESTOS,RETIRADO,2180.0,1131.9,3259.2
25011HPER,2025,SEA,EMPAQUE,ORIGEN,2394.5,1221.8,3556.2
25188HPER,2025,SEA,EMPAQUE,LIQPARCIAL,1687.8,980.8,3819.9
25191HPER,2025,AIR,REPUESTOS,LIQPARCIAL,1172.1,881.3,1647.4
25193HPER,2025,AIR,PLANTAS,LIQPARCIAL,1924.7,1139.6,2418.6
25195HPER,2025,AIR,REPUESTOS,LIQPARCIAL,1178.8,819.1,1516.1
25196HPER,2025,AIR,REPUESTOS,LIQPARCIAL,1614.0,923.7,2580.8
25197HPER,2025,AIR,PLANTAS,LIQPARCIAL,5155.2,1865.2,7129.9
25198HPER,2025,AIR,REPUESTOS,LIQPARCIAL,2580.5,1177.8,3826.7
25200HPER,2025,AIR,EQUIPOS_INSTR,LIQPARCIAL,1213.2,1022.3,1770.9
25201HPER,2025,SEA,AGROQUIMICOS,RETIRADO,7970.2,4850.8,8710.5
25203HPER,2025,AIR,REPUESTOS,LIQPARCIAL,2000.1,994.7,2915.1
25205HPER,2025,AIR,REPUESTOS,LIQPARCIAL,1705.6,1112.2,3615.9
25206HPER,2025,AIR,MAQUINARIA,LIQPARCIAL,1550.2,1126.9,2504.2
25207HPER,2025,AIR,REPUESTOS,LIQPARCIAL,1612.1,1104.5,3073.8
25209HPER,2025,AIR,REPUESTOS,RETIRADO,2774.6,1314.9,5383.9
25215HPER,2025,AIR,EQUIPOS_INSTR,ADUANAS,9357.5,3354.7,9816.1
25218HPER,2025,AIR,EQUIPOS_INSTR,ADUANAS,377.5,136.8,376.2
