SEASON,STATUS,IMPORTER,OP REFERENCE,OC,BUYER,SUPPLIER,CATEGORY,PRODUCT,PROYECT,INVOICE,QTY,UM,CUR,AMOUNT,AMOUNT USD ,PAYMENT TERM,INCOTERM,MODE,TYPE,COUNTRY ORIGIN,POL,POD,CTNR QTY,CTNR TYPE,BULKS,BULKS TYPE,QUOTE REQUEST DATE,ASSIGMENT DATE,FFW,FFW REFERENCE,SHIPPING LINE,BOOKING,CNTR NR,SEAL, PESO BRUTO ,ATD,WEEK ATD,B/L- AWB,VESSEL,ATA,WEEK ATA,INSURANCE HPER,INSURANCE POLICY DATE,DEPOT,CUSTOMS AGENT,ORDER,IE DATE,FECHA NUM DAM,DAM,SENASA INSPECTION DATE,SENASA RELEASE DATE,CUSTOMS RELEASE DATE,DEMURRAGE EXPIRATION DATE,DELIVERY TYPE,TRANSP LIMA (T1),WITHDRAWL DATE,GR T1 ,TRANSP TRUX (T2),DELIVERY DATE BASE T2 (T1),WEEK BASE T2,FINAL DELIVERY POINT,FINAL ARRIVAL DATE,ARRIVAL WEEK,RECEIPT CONFIRMATION DATE,GR T2,GR HORTIFRUT,CP OBSERVATIONS,OC2,FECHA ENVIO LIQUIDACIÓN,FECHA DE REGISTRO DE GASTOS
2025-2026,ENTREGADO,HFE BERRIES,25-029-HFEB,4700004245,OMAR, PROMISOL ,AGQ,MUCIGEL,-,F/25468,"2,000.00",LT,EUR,"16,800.00","19,824.00",120,EXW,SEA,LCL,ESPAÑA,BARCELONA,CALLAO,NA,NA,2,PALLET,8/11/2025,10/11/2025,AIRSEALOG,S00060481,CMA CGM,PECAO25008P,CMAU9606837,M1841405,"2,550.00",25/11/2025,48,EBCN25115697,ISTANBUL EXPRESS 0WCMNS1MA,1/1/2026,1,SI,1/12/2025,DPW,AVM,25/001894,22/12/2025,26/12/2025,118-2025-10-571336-01-7-00,6/1/2026,NA,22/1/2026,NA,DIRECTO,NA,24/1/2026,NA,GASTALDI,24/1/2026,4,OLMOS,24/1/2026,4,NA,NA,NA,,4700004245,,
2025-2026,LIQUIDADO,HF PERU,25-162-HPER,4700004128-17,GONZALO, PROJAR ,SUSTRATOS,FIBRA DE COCO,M&S,FE25-01246,22.00,UN,EUR,"12,540.00","14,797.20",90,CIF,SEA,FCL,ESPAÑA,VALENCIA,CALLAO,1,40 HC,22,PALLET,NA,NA,DIRECTO,NA,MAERSK,260994535,MRKU2011878,ML-ES0625951,"23,762.00",26/11/2025,48,MAEU260994535,MAERSK BOGOR 548S,2/1/2026,1,NO,NA,NEW AGE,AVM,25/001873,10/12/2025,29/12/2025,118-2025-10-575662-01-6-00,6/1/2026,6/1/2026,11/1/2026,22/1/2026,DIRECTO,NA,12/1/2026,NA,MERIDIAN,13/1/2026,3,ALMC,13/1/2026,3,15/1/2026,EG03-00055457,EG07-00007684,,4700004128-17,31/12/2025,
2025-2026,LIQUIDADO,HF PERU,25-162-HPER,4700004128-17,GONZALO, PROJAR ,SUSTRATOS,FIBRA DE COCO,M&S,FE25-01246,22.00,UN,EUR,"12,540.00","14,797.20",90,CIF,SEA,FCL,ESPAÑA,VALENCIA,CALLAO,1,40 HC,22,PALLET,NA,NA,DIRECTO,NA,MAERSK,260994535,MRKU3162009,ML-ES0625985,"23,001.00",26/11/2025,48,MAEU260994535,MAERSK BOGOR 548S,2/1/2026,1,NO,NA,NEW AGE,AVM,25/001873,10/12/2025,29/12/2025,118-2025-10-575662-01-6-00,6/1/2026,6/1/2026,12/1/2026,22/1/2026,DIRECTO,NA,13/1/2026,NA,MERIDIAN,14/1/2026,3,ALMC,14/1/2026,3,15/1/2026,EG03-00055508,EG07-00007700,,4700004128-17,31/12/2025,
2025-2026,LIQUIDADO,HF PERU,25-162-HPER,4700004128-17,GONZALO, PROJAR ,SUSTRATOS,FIBRA DE COCO,M&S,FE25-01246,22.00,UN,EUR,"12,540.00","14,797.20",90,CIF,SEA,FCL,ESPAÑA,VALENCIA,CALLAO,1,40 HC,22,PALLET,NA,NA,DIRECTO,NA,MAERSK,260994535,MSKU1598361,ML-ES0525064,"23,695.00",26/11/2025,48,MAEU260994535,MAERSK BOGOR 548S,2/1/2026,1,NO,NA,NEW AGE,AVM,25/001873,10/12/2025,29/12/2025,118-2025-10-575662-01-6-00,6/1/2026,6/1/2026,12/1/2026,22/1/2026,DIRECTO,NA,13/1/2026,NA,MERIDIAN,14/1/2026,3,ALMC,14/1/2026,3,15/1/2026,EG03-00055507,EG07-00007701,,4700004128-17,31/12/2025,
2025-2026,LIQUIDADO,HF PERU,25-162-HPER,4700004128-17,GONZALO, PROJAR ,SUSTRATOS,FIBRA DE COCO,M&S,FE25-01246,22.00,UN,EUR,"12,540.00","14,797.20",90,CIF,SEA,FCL,ESPAÑA,VALENCIA,CALLAO,1,40 HC,22,PALLET,NA,NA,DIRECTO,NA,MAERSK,260994535,SEKU6971389,ML-ES0625974,"23,764.00",26/11/2025,48,MAEU260994535,MAERSK BOGOR 548S,2/1/2026,1,NO,NA,NEW AGE,AVM,25/001873,10/12/2025,29/12/2025,118-2025-10-575662-01-6-00,6/1/2026,6/1/2026,11/1/2026,22/1/2026,DIRECTO,NA,12/1/2026,NA,MERIDIAN,13/1/2026,3,ALMC,13/1/2026,3,15/1/2026,EG03-00055456,EG07-00007682,,4700004128-17,31/12/2025,
2025-2026,LIQUIDADO,HF PERU,25-162-HPER,4700004128-17,GONZALO, PROJAR ,SUSTRATOS,FIBRA DE COCO,M&S,FE25-01246,22.00,UN,EUR,"12,540.00","14,797.20",90,CIF,SEA,FCL,ESPAÑA,VALENCIA,CALLAO,1,40 HC,22,PALLET,NA,NA,DIRECTO,NA,MAERSK,260994535,TGBU5400134,ML-ES0625952,"23,794.00",26/11/2025,48,MAEU260994535,MAERSK BOGOR 548S,2/1/2026,1,NO,NA,NEW AGE,AVM,25/001873,10/12/2025,29/12/2025,118-2025-10-575662-01-6-00,6/1/2026,6/1/2026,12/1/2026,22/1/2026,DIRECTO,NA,13/1/2026,NA,MERIDIAN,14/1/2026,3,ALMC,14/1/2026,3,15/1/2026,EG03-00055506,EG07-00007699,,4700004128-17,31/12/2025,
2025-2026,LIQUIDADO,HF PERU,25-162-HPER,4700004128-17,GONZALO, PROJAR ,SUSTRATOS,FIBRA DE COCO,M&S,FE25-01246,22.00,UN,EUR,"12,540.00","14,797.20",90,CIF,SEA,FCL,ESPAÑA,VALENCIA,CALLAO,1,40 HC,22,PALLET,NA,NA,DIRECTO,NA,MAERSK,260994535,UETU6822676,ML-ES0525062,"23,351.00",26/11/2025,48,MAEU260994535,MAERSK BOGOR 548S,2/1/2026,1,NO,NA,NEW AGE,AVM,25/001873,10/12/2025,29/12/2025,118-2025-10-575662-01-6-00,6/1/2026,6/1/2026,11/1/2026,22/1/2026,DIRECTO,NA,12/1/2026,NA,MERIDIAN,13/1/2026,3,ALMC,13/1/2026,3,15/1/2026,EG03-00055455,EG07 - 00007681,,4700004128-17,31/12/2025,
2025-2026,ENTREGADO,HFE BERRIES,25-027-HFEB,4700004100,VICTOR, DEHUAN ,EQP & INST,EQUIPOS VARIOS,-,TLD25022DW,606.00,UN,USD,"100,477.14","100,477.14",0,CIF,SEA,FCL,CHINA,SHENZHEN,CALLAO,0.9,40 HC,142,CAJA,NA,NA,DIRECTO,NA,CMA CGM,SHZ7664840,CAIU9765332-1,M5830734,"10,676.39",9/11/2025,45,SHZ7664840,CMA CGM LITANI 1MH0LW1MA,5/1/2026,2,NO,NA,MERKUR,LIP,20513,26/12/2025,30/12/2025,118-2025-10-578104-01-4-00,NA,NA,12/1/2026,26/1/2026,DIRECTO,NA,12/1/2026,NA,GASTALDI,14/1/2026,3,OLMOS,14/1/2026,3,NA,NA,NA,,4700004100,28/5/2025,
2025-2026,ENTREGADO,HFE BERRIES,25-027-HFEB,4700004100,VICTOR, DEHUAN ,EQP & INST,EQUIPOS VARIOS,SAMPLE,TLD25022DW-B,64.00,UN,USD,"1,719.17","1,719.17",0,CIF,SEA,FCL,CHINA,SHENZHEN,CALLAO,0.1,40 HC,142,CAJA,NA,NA,DIRECTO,NA,CMA CGM,SHZ7664840,CAIU9765332-2,M5830734,"1,186.27",9/11/2025,45,SHZ7664840,CMA CGM LITANI 1MH0LW1MA,5/1/2026,2,NO,NA,MERKUR,LIP,20513,26/12/2025,30/12/2025,118-2025-10-578104-01-4-00,NA,NA,12/1/2026,26/1/2026,DIRECTO,NA,12/1/2026,NA,GASTALDI,14/1/2026,3,OLMOS,14/1/2026,3,NA,NA,NA,,4700004100,6/5/2025,
2025-2026,LIQPARCIAL,HF PERU,25-191-HPER,4700004425-1,MELANIE, A&B ,SPAREPARTS,REPUESTOS VARIOS,-,1251,1.00,UN,USD,"1,963.77","1,963.77",0,EXW,AIR,AIR,USA,MIAMI,LIMA,NA,NA,1,CAJA,22/12/2025,22/12/2025,AIRSEALOG,S00062263,AIRMAX,658-30875073,NA,NA,9.00,7/1/2026,2,CTS19430, AIRMAX CARGO ,7/1/2026,2,SI,6/1/2026,SHOHIN,LIP,400,6/1/2026,6/1/2026,235-2026-10-001426-01-8-00,NA,NA,8/1/2026,NA,ALMACEN LIMA,LIP,9/1/2026,T001-8780,GUZMAN,9/1/2026,2,9/1/2026,13/1/2026,3,19/1/2026,EG03-00012119,EG07-00007690,,4700004425-1,,
2025-2026,SIN GASTOS,HF PERU,25-192-HPER,NA,GONZALO, DEHUAN ,E & E,MACETAS DE PLASTICO,SAMPLE,001,2.00,UN,USD,2.00,2.00,0,,AIR,AIR,CHINA,SHANGHAI,LIMA,NA,NA,1,CAJA,NA,NA,COURIER,NA,UPS,0E793DFJWW4,NA,NA,2.00,26/11/2025,48,1Z0E793D6738645897,UPS COURIER,7/1/2026,2,NO,NA,,PASOC,NA,NA,26/12/2025,235-2025-28-17941169-67-5-00,NA,NA,,,COURIER,NA,,NA,,,52,ALMC,,52,,,,,NA,,
2025-2026,LIQUIDADO,HF PERU,25-181-HPER,4700004387,OMAR, PROMISOL ,AGQ,CYTOFLOW AMIN,-,F/25479,"3,000.00",KG,EUR,"30,900.00","36,462.00",90,EXW,SEA,LCL,ESPAÑA,BARCELONA,CALLAO,NA,NA,4,PALLET,24/11/2025,24/11/2025,AIRSEALOG,S00061152 ,CMA CGM,,CMAU3637640,L7777533,"3,100.00",9/12/2025,50,012025113078,CMA CGM CARL ANTOINE 0WCMRS1MA,16/1/2026,3,SI,12/12/2025,VILLAS OQUENDO,AVM,26/000119,6/1/2026,14/1/2026,118-2026-10-022770-01-3-00,NA,NA,19/1/2026,NA,ALMACEN LIMA,AVM,21/1/2026,T001-4508,GUZMAN,21/1/2026,4,ALMC,28/1/2026,5,13/2/2026,EG03-00012825,EG07-00007833,,4700004387,16/2/2026,17/2/2026
2025-2026,LIQPARCIAL,HF PERU,25-188-HPER,4700004429,FIORELLA, SIRANE ,E & E,PADS ABSORBENTES,-,5578,"420,000.00",UN,USD,"2,730.00","2,730.00",0,EXW,SEA,LCL,MEXICO,MANZANILLO,CALLAO,NA,NA,1,PALLET,10/12/2025,11/12/2025,FORBIS,PE-25120296,ONE,PECAO26001A,TRHU7012790,LAAD09083,330.00,10/1/2026,2,MZO26011-8,HMM BLESSING 0037W,19/1/2026,4,SI,9/1/2026,ALFOSAC,LIP,735,12/1/2026,16/1/2026,118-2026-10-027288-01-5-00,NA,NA,22/1/2026,NA,ALMACEN LIMA,LIP,23/1/2026,T001-8849,GUZMAN,23/1/2026,4,PLSA,28/1/2026,5,29/1/2026,EG03-00012730,EG07-00007835,,4700004429,,
2025-2026,LIQUIDADO,HF PERU,25-186-HPER,4700004290,GONZALO, BVB ,SUSTRATOS,TURBA,-,36134514,22.00,BOL,USD,"22,426.00","22,426.00",0,CIF,SEA,FCL,ESTONIA,TALLIN,CALLAO,1,40 HC,22,PALLET,NA,NA,DIRECTO,NA,MAERSK,262192220,HASU4458786,EE0013766,"25,000.00",7/12/2025,49,MAEU262192220,HALSTED 603S,20/1/2026,4,NO,NA,NEW AGE,AVM,26/000044,11/12/2025,19/1/2026,118-2026-10-031852-01-9-01,23/1/2026,9/2/2026,9/2/2026,10/2/2026,ALMACEN LIMA,AVM,10/2/2026,T001-4572,GUZMAN,10/2/2026,7,ALMC,15/2/2026,7,19/2/2026,EG03-00013023,EG07-00007979,,4700004290,,
2025-2026,LIQUIDADO,HF PERU,25-186-HPER,4700004290,GONZALO, BVB ,SUSTRATOS,TURBA,-,36134514,22.00,BOL,USD,"22,426.00","22,426.00",0,CIF,SEA,FCL,ESTONIA,TALLIN,CALLAO,1,40 HC,22,PALLET,NA,NA,DIRECTO,NA,MAERSK,262192220,UETU5489468,EE0013691,"25,100.00",7/12/2025,49,MAEU262192220,HALSTED 603S,20/1/2026,4,NO,NA,NEW AGE,AVM,26/000044,11/12/2025,19/1/2026,118-2026-10-031852-01-9-01,23/1/2026,9/2/2026,9/2/2026,10/2/2026,ALMACEN LIMA,AVM,10/2/2026,T001-4573,GUZMAN,10/2/2026,7,ALMC,15/2/2026,7,19/2/2026,EG03-00013022,EG07-00007980,,4700004290,,
2025-2026,LIQPARCIAL,HF PERU,25-195-HPER,4700004425-2,MELANIE, A&B ,SPAREPARTS,REPUESTOS VARIOS,-,1251A,20.00,UN,USD,"1,477.40","1,477.40",0,EXW,AIR,AIR,USA,MIAMI,LIMA,NA,NA,1,CAJA,22/12/2025,22/12/2025,AIRSEALOG,S00063054,AIRMAX,658-30875095,NA,NA,2.00,23/1/2026,4,CTS19661, AIRMAX CARGO ,23/1/2026,4,SI,20/1/2026,SHOHIN,LIP,1186,20/1/2026,20/1/2026,235-2026-10-008933-01-2-00,NA,NA,26/1/2026,NA,ALMACEN LIMA,LIP,27/1/2026,T001-8865,GUZMAN,27/1/2026,5,PLSA,4/2/2026,6,7/2/2026,EG03-00012824,EG07-00007898,,4700004425-2,,
2025-2026,ENTREGADO,HFE BERRIES,25-031-HFEB,4700004388,OMAR, PROMISOL ,AGQ,CYTOFLOW AMIN,-,F/25480,"2,000.00",KG,EUR,"20,600.00","24,308.00",120,EXW,SEA,LCL,ESPAÑA,BARCELONA,CALLAO,NA,NA,3,PALLET,24/11/2025,24/11/2025,FORBIS,PE-25110847,CMA CGM,PECAO25010K,FFAU4462524,,"2,100.00",16/12/2025,51,FBEBCN25127326,GUAYAQUIL EXPRESS 0WCMTS1MA,23/1/2026,4,SI,16/12/2025,ALFOSAC,AVM,26/000158,13/1/2026,22/1/2026,118-2026-10-036329-01-2-00,NA,NA,27/1/2026,NA,DIRECTO,NA,31/1/2026,NA,GASTALDI,2/2/2026,6,OLMOS,2/2/2026,6,NA,NA,NA,,4700004388,,
2025-2026,ENTREGADO,HFE BERRIES,25-031-HFEB,4700004388,OMAR, PROMISOL ,AGQ,CYTOLAN,-,F/25480,"1,500.00",KG,EUR,"16,275.00","19,204.50",120,EXW,SEA,LCL,ESPAÑA,BARCELONA,CALLAO,NA,NA,2,PALLET,24/11/2025,24/11/2025,FORBIS,PE-25110847,CMA CGM,PECAO25010K,FFAU4462524,,"1,575.00",16/12/2025,51,FBEBCN25127326,GUAYAQUIL EXPRESS 0WCMTS1MA,23/1/2026,4,SI,16/12/2025,ALFOSAC,AVM,26/000158,13/1/2026,22/1/2026,118-2026-10-036329-01-2-00,NA,NA,27/1/2026,NA,DIRECTO,NA,31/1/2026,NA,GASTALDI,2/2/2026,6,OLMOS,2/2/2026,6,NA,NA,NA,,4700004388,,
2025-2026,ENTREGADO,HFE BERRIES,25-030-HFEB,4700004370,OMAR, PROMISOL ,AGQ,CYTOLAN,-,F/25475,"2,000.00",KG,EUR,"21,700.00","25,606.00",120,EXW,SEA,LCL,ESPAÑA,BARCELONA,CALLAO,NA,NA,3,PALLET,18/11/2025,18/11/2025,FORBIS,PE-25110632,CMA CGM,PECAO25011E,FFAU4462524,M1841400,"2,790.00",16/12/2025,51,PECAO25011E,GUAYAQUIL EXPRESS 0WCMTS1MA,23/1/2026,4,SI,16/12/2025,ALFOSAC,AVM,26/000159,13/1/2026,22/1/2026,118-2026-10-036455-01-8-00,NA,NA,27/1/2026,NA,DIRECTO,NA,31/1/2026,NA,GASTALDI,2/2/2026,6,OLMOS,2/2/2026,6,NA,NA,NA,,4700004370,,
2025-2026,ENTREGADO,HFE BERRIES,25-030-HFEB,4700004370,OMAR, PROMISOL ,AGQ,MUCIGEL,-,F/25475,"2,000.00",LT,EUR,"16,800.00","19,824.00",120,EXW,SEA,LCL,ESPAÑA,BARCELONA,CALLAO,NA,NA,2,PALLET,18/11/2025,18/11/2025,FORBIS,PE-25110632,CMA CGM,PECAO25011E,FFAU4462524,M1841400,"1,860.00",16/12/2025,51,PECAO25011E,GUAYAQUIL EXPRESS 0WCMTS1MA,23/1/2026,4,SI,16/12/2025,ALFOSAC,AVM,26/000159,13/1/2026,22/1/2026,118-2026-10-036455-01-8-00,NA,NA,27/1/2026,NA,DIRECTO,NA,31/1/2026,NA,GASTALDI,2/2/2026,6,OLMOS,2/2/2026,6,NA,NA,NA,,4700004370,,
2025-2026,LIQUIDADO,HF PERU,25-178-HPER,4700004369,OMAR, EDEN ,AGQ,DISPER COMPLEX,-,2025-1786,"24,000.00",KG,EUR,"176,160.00","207,868.80",90,EXW,SEA,FCL,ESPAÑA,BARCELONA,CALLAO,1,40 HC,40,PALLET,18/11/2025,18/11/2025,AIRSEALOG,S00060836,CMA CGM,,GCXU5135378,L3647261,"26,120.00",20/12/2025,51,PVAL25230930,GUAYAQUIL EXPRESS 0WCMTS1MA,23/1/2026,4,SI,16/12/2025,IMUPESA,AVM,26/000160,13/1/2026,22/1/2026,118-2026-10-037140-01-0-00,NA,NA,27/1/2026,5/2/2026,ALMACEN LIMA,AVM,29/1/2026,T001-4544,GUZMAN,29/1/2026,5,ALMC,5/2/2026,6,7/2/2026,EG03-00012838,EG07-00007908,,4700004369,11/2/2026,
2025-2026,LIQPARCIAL,HF PERU,25-196-HPER,4700004420,MELANIE, UNITEC ,SPAREPARTS,REPUESTOS VARIOS,-,411,14.00,UN,EUR,949.54,"1,120.46",0,EXW,AIR,AIR,CHILE,SANTIAGO,LIMA,NA,NA,0.5,CAJA,20/1/2026,22/1/2026,FORBIS,PE-26010620-01,SKY CARGO,PELIM26015C,1,NA,8.00,27/1/2026,5,PELIM26015C,SKY CARGO,27/1/2026,5,SI,26/1/2026,ALFOSAC,LIP,1496,26/1/2026,26/1/2026,235-2026-10-012400-01-5-00,NA,NA,28/1/2026,NA,ALMACEN LIMA,LIP,29/1/2026,T001-8871,GUZMAN,29/1/2026,5,PLSA,4/2/2026,6,24/2/2026,EG03-00012826,EG07-00007897,,4700004420,,
2025-2026,LIQPARCIAL,HF PERU,25-196-HPER,4700004365,MELANIE, UNITEC ,SPAREPARTS,REPUESTOS VARIOS,-,410,1.00,UN,EUR,162.68,191.96,0,EXW,AIR,AIR,CHILE,SANTIAGO,LIMA,NA,NA,0.5,CAJA,20/1/2026,22/1/2026,FORBIS,PE-26010620-01,SKY CARGO,PELIM26015C,2,NA,0.10,27/1/2026,5,PELIM26015C,SKY CARGO,27/1/2026,5,SI,26/1/2026,ALFOSAC,LIP,1496,26/1/2026,26/1/2026,235-2026-10-012400-01-5-00,NA,NA,28/1/2026,NA,ALMACEN LIMA,LIP,29/1/2026,T001-8871,GUZMAN,29/1/2026,5,PLSA,4/2/2026,6,9/2/2026,EG03-00012826,EG07-00007897,,4700004365,,
2025-2026,LIQPARCIAL,HF PERU,25-196-HPER,4700004465,MELANIE, UNITEC ,SPAREPARTS,REPUESTOS VARIOS,-,409,721.00,UN,EUR,"4,695.98","5,541.26",0,EXW,AIR,AIR,CHILE,SANTIAGO,LIMA,NA,NA,1,CAJA,20/1/2026,22/1/2026,FORBIS,PE-26010620-01,SKY CARGO,PELIM26015C,3,NA,2.00,27/1/2026,5,PELIM26015C,SKY CARGO,27/1/2026,5,SI,26/1/2026,ALFOSAC,LIP,1496,26/1/2026,26/1/2026,235-2026-10-012400-01-5-00,NA,NA,28/1/2026,NA,ALMACEN LIMA,LIP,29/1/2026,T001-8871,GUZMAN,29/1/2026,5,PLSA,4/2/2026,6,9/2/2026,EG03-00012826,EG07-00007897,,4700004465,,
2025-2026,ENTREGADO,HFE BERRIES,25-034-HFEB,4700004394,VICTOR, SMARTPACK ,SPAREPARTS,REPUESTOS VARIOS,-,281,5.00,UN,USD,"1,755.11","1,755.11",30,EXW,AIR,AIR,CHILE,SANTIAGO,LIMA,NA,NA,1,CAJA,20/1/2026,20/1/2026,AIRSEALOG,S00063117,SKY CARGO,605-00654146,NA,NA,2.00,27/1/2026,5,PELIM26015A,SKY CARGO,27/1/2026,5,SI,26/1/2026,ALFOSAC,LIP,1498,26/1/2026,27/1/2026,235-2026-10-012755-01-8-00,NA,NA,28/1/2026,NA,COURIER,NA,29/1/2026,T001-8889,LIP,2/1/2026,1,OLMOS,2/1/2026,1,NA,NA,NA,,4700004394,,
2025-2026,LIQUIDADO,HF PERU,25-189-HPER,4700004440,OMAR, BIOCONSUL ,AGQ,ORGANCAB K,-,BE032/25,"20,000.00",LT,EUR,"15,000.00","17,700.00",60,EXW,SEA,FCL,ESPAÑA,VALENCIA,CALLAO,1,40 HC,20,PALLET,12/12/2025,12/12/2025,AIRSEALOG,S00061872,CMA CGM,IBC1437186,TEMU8346530,M1893814,"26,760.00",29/12/2025,1,PAEM022099,CMA CGM JACQUES JOSEPH 0WCMVS1MA,30/1/2026,5,SI,23/12/2025,IMUPESA,AVM,26/000185,19/1/2026,28/1/2026,118-2026-10-045117-01-4-00,NA,NA,2/2/2026,,ALMACEN LIMA,AVM,3/2/2026,T001-4553,GUZMAN,3/2/2026,6,ALMC,5/2/2026,6,6/2/2026,EG03-00012837,EG07-00007909,,4700004440,,
2025-2026,LIQPARCIAL,HF PERU,25-193-HPER,4700004475,HUB,UF BREEDING,PLANTAS,PLANTAS IN VITRO,SAMPLE,25-12C-PH,965.00,UN,USD,241.25,241.25,0,CPT,AIR,AIR,USA,ORLANDO,LIMA,NA,NA,1,CAJA,NA,NA,DIRECTO,NA,LAN CARGO,045-91314834,NA,NA,11.00,30/1/2026,5,045-91314834,LAN CARGO,1/2/2026,5,SI,2/2/2026,TALMA,AVM,26/00132,7/1/2026,3/2/2026,235-2026-10-016892-01-1-00,6/2/2026,6/2/2026,6/2/2026,NA,DIRECTO,NA,10/2/2026,T001-4567,AVM,11/2/2026,7,ALMC,11/2/2026,7,24/2/2026,NA,NA,,4700004475,,
2025-2026,LIQPARCIAL,HF PERU,25-197-HPER,5400001595,HUB,NAM PLANTS,PLANTAS,PLANTAS IN VITRO,SAMPLE,7020000703,"1,440.00",UN,USD,"4,663.79","4,663.79",30,CPT,AIR,AIR,USA,PORTLAND,LIMA,NA,NA,2,CAJA,NA,NA,DIRECTO,NA,AIR CANADA,014-38645062,NA,NA,59.50,30/1/2026,5,014-38645062,AIR CANADA CARGO,2/2/2026,6,SI,2/2/2026,TALMA,AVM,26/000242,28/1/2026,3/2/2026,235-2026-10-016985-01-8-00,4/2/2026,4/2/2026,4/2/2026,NA,DIRECTO,NA,10/2/2026,T001-4568,AVM,11/2/2026,7,ALMC,11/2/2026,7,24/2/2026,NA,NA,,5400001595,,
2025-2026,LIQPARCIAL,HF PERU,25-197-HPER,5400001595,HUB,NAM PLANTS,PLANTAS,PLANTAS DE ARANDANO,SAMPLE,7020000703,372.00,UN,USD,"1,204.81","1,204.81",30,CPT,AIR,AIR,USA,PORTLAND,LIMA,NA,NA,1,CAJA,NA,NA,DIRECTO,NA,AIR CANADA,014-38645062,NA,NA,59.50,30/1/2026,5,014-38645062,AIR CANADA CARGO,2/2/2026,6,SI,2/2/2026,TALMA,AVM,26/000242,28/1/2026,3/2/2026,235-2026-10-016985-01-8-00,4/2/2026,4/2/2026,4/2/2026,NA,DIRECTO,NA,10/2/2026,T001-4568,AVM,11/2/2026,7,ALMC,11/2/2026,7,24/2/2026,NA,NA,,5400001595,,
2025-2026,ENTREGADO,HFE BERRIES,25-033-HFEB,4700004175,FIORELLA, FASTIK ,E & E,FILM PUNNET PET 11OZ,-,111022,"1,030,044.00",UN,USD,"43,303.05","43,303.05",0,EXW,SEA,LCL,USA,MIAMI,CALLAO,NA,NA,4,PALLET,27/11/2025,27/11/2025,AIRSEALOG,S00061381,MAERSK,26200879,TRHU5615389,112006,"2,236.00",22/1/2026,4,26200879,MAERSK NACALA 601S,6/2/2026,6,SI,19/1/2026,VILLAS OQUENDO,LIP,1829,29/1/2026,4/2/2026,118-2026-10-057918-01-7-00,NA,NA,9/2/2026,NA,DIRECTO,NA,10/2/2026,NA,GASTALDI,12/2/2026,7,OLMOS,12/2/2026,7,NA,NA,NA,,4700004175,,
2025-2026,LIQUIDADO,HF PERU,25-190-HPER,4700004439,OMAR, PROMISOL ,AGQ,MUCIGEL,-,25505,"18,000.00",LT,EUR,"151,200.00","178,416.00",90,EXW,SEA,FCL,ESPAÑA,BARCELONA,CALLAO,1,20 ST,18,PALLET,15/12/2025,15/12/2025,AIRSEALOG,S00061927,MSC,048IBC0404500,MSMU2699207,FX39600754,"23,040.00",28/12/2025,52,PBCN25248853,MSC CASSANDRE NX552A,8/2/2026,6,SI,31/12/2025,IMUPESA,AVM,26/000217,27/1/2026,2/2/2026,118-2026-10-051988-01-3-00,NA,NA,11/2/2026,21/2/2026,ALMACEN LIMA,AVM,12/2/2026,T001-4587,GUZMAN,12/2/2026,7,ALMC,14/2/2026,7,17/2/2026,EG03-00012972,EG07-00007977,,4700004439,,
2025-2026,LIQPARCIAL,HF PERU,25-200-HPER,4700004492,GONZALO, RITEC ,EQP & INST,APARATOS DE RIEGO,-,26/60,25.00,UN,USD,"2,014.50","2,014.50",0,EXW,AIR,AIR,ESPAÑA,MADRID,LIMA,NA,NA,1,CAJA,2/2/2026,2/2/2026,AIRSEALOG,S00063557,LAN CARGO,045-13586683,NA,NA,8.00,8/2/2026,6,P6GBM0205491,LAN CARGO,8/2/2026,6,SI,6/2/2026,SHOHIN,LIP,2066,7/2/2026,7/2/2026,235-2026-10-020280-01-5-01,NA,NA,9/2/2026,NA,ALMACEN LIMA,LIP,10/2/2026,T001-8924,LIP,10/2/2026,7,PLSA,12/2/2026,7,5/3/2026,EG03-00012907,EG07-00007959,,4700004492,,
2025-2026,ENTREGADO,HFE BERRIES,25-028-HFEB,4700004225,GONZALO, CARFIA ,SUSTRATOS,FIBRA DE COCO,-,A/25039,"20,000.00",KG,USD,"15,884.00","15,884.00",0,EXW,SEA,FCL,SRI LANKA,SRI LANKA,CALLAO,1,40 HC,20,PALLET,5/11/2025,6/11/2025,AIRSEALOG,S00060331,MSC,EBKG14880189,MSDU7329298,FX38423373,"20,540.00",22/11/2025,47,SALSE25110139-01,MSC ALANYA NX601A,12/2/2026,7,SI,12/12/2025,NEW AGE,AVM,26/000077,10/12/2025,11/2/2026,118-2026-10-068202-01-8-00,17/2/2026,17/2/2026,17/2/2026,4/3/2026,DIRECTO,NA,23/2/2026,NA,GASTALDI,25/2/2026,9,OLMOS,25/2/2026,9,NA,NA,NA,,4700004225,16/4/2025,
2025-2026,LIQPARCIAL,HF PERU,25-203-HPER,4700004493,MELANIE, INTRALOX ,SPAREPARTS,REPUESTOS VARIOS,-,43883614,40.00,UN,USD,982.00,982.00,0,EXW,AIR,AIR,USA,MIAMI,LIMA,NA,NA,1,CAJA,4/2/2026,4/2/2026,FORBIS,PE-26020117,LAN CARGO,045-21818974,NA,NA,2.85,12/2/2026,7,FOR70376378 ,LAN CARGO,12/2/2026,7,SI,10/2/2026,TALMA,LIP,2160,10/2/2026,11/2/2026,235-2026-10-022095-01-0-00,NA,NA,13/2/2026,NA,ALMACEN LIMA,LIP,14/2/2026,T001-8939,GUZMAN,14/2/2026,7,PLSA,20/2/2026,8,21/2/2026,EG03-00013201,EG07-00008003,,4700004493,16/4/2025,
2025-2026,LIQPARCIAL,HF PERU,25-203-HPER,4700004485,MELANIE, INTRALOX ,SPAREPARTS,REPUESTOS VARIOS,-,43883631,48.00,UN,USD,"1,178.40","1,178.40",0,EXW,AIR,AIR,USA,MIAMI,LIMA,NA,NA,1,CAJA,4/2/2026,4/2/2026,FORBIS,PE-26020117,LAN CARGO,045-21818974,NA,NA,2.85,12/2/2026,7,FOR70376378 ,LAN CARGO,12/2/2026,7,SI,10/2/2026,TALMA,LIP,2160,10/2/2026,11/2/2026,235-2026-10-022095-01-0-00,NA,NA,13/2/2026,NA,ALMACEN LIMA,LIP,14/2/2026,T001-8939,GUZMAN,14/2/2026,7,MAQ0,20/2/2026,8,23/2/2026,EG03-00013201,EG07-00008003,,4700004485,27/3/2025,
2025-2026,LIQPARCIAL,HF PERU,25-198-HPER,4700004430-1,MELANIE, A&B ,SPAREPARTS,REPUESTOS VARIOS,-,1255,270.00,UN,USD,"46,140.39","46,140.39",0,EXW,AIR,AIR,USA,MIAMI,LIMA,NA,NA,1,CAJA,30/1/2026,30/1/2026,AIRSEALOG,S00063540,AIRMAX,658-30870350,NA,NA,195.00,15/2/2026,7,54676,AIRMAX CARGO,15/2/2026,7,SI,13/2/2026,SHOHIN,LIP,2302,13/2/2026,14/2/2026,235-2026-10-024956-01-3-00,NA,NA,16/2/2026,NA,ALMACEN LIMA,LIP,17/2/2026,T001-8945,GUZMAN,17/2/2026,8,MAQ0,20/2/2026,8,23/2/2026,EG03-00013201,EG07-00008003,,4700004430-1,,
2025-2026,LIQUIDADO,HF PERU,25-194-HPER,4700004403,GONZALO, PROJAR ,SUSTRATOS,FIBRA DE COCO SUPRA,GEN,FE26-00061,22.00,BOL,EUR,"12,276.00","14,485.68",0,CIF,SEA,FCL,ESPAÑA,VALENCIA,CALLAO,1,40 HC,22,PALLET,NA,NA,DIRECTO,NA,MAERSK,263695447,MRSU5443672,ML-ES0528135,"21,383.00",21/1/2026,4,MAEU263695447,MAERSK BAYETE 603S,20/2/2026,8,NO,NA,NEW AGE,AVM,26/000204,21/1/2026,13/2/2026,118-2026-10-074625-01-4-00,24/2/2026,24/2/2026,24/2/2026,11/3/2026,ALMACEN LIMA,AVM,25/2/2026,T001-4645,GUZMAN,26/2/2026,9,ALMC,17/3/2026,12,27/3/2026,EG03-00013392,EG07-00008153,,4700004403,,
2025-2026,LIQUIDADO,HF PERU,25-194-HPER,4700004403,GONZALO, PROJAR ,SUSTRATOS,FIBRA DE COCO SUPRA,GEN,FE26-00061,22.00,BOL,EUR,"12,276.00","14,485.68",0,CIF,SEA,FCL,ESPAÑA,VALENCIA,CALLAO,1,40 HC,22,PALLET,NA,NA,DIRECTO,NA,MAERSK,263695447,TCNU2813710,ML-ES0380505,"21,844.00",21/1/2026,4,MAEU263695447,MAERSK BAYETE 603S,20/2/2026,8,NO,NA,NEW AGE,AVM,26/000204,21/1/2026,13/2/2026,118-2026-10-074625-01-4-00,24/2/2026,24/2/2026,24/2/2026,11/3/2026,ALMACEN LIMA,AVM,25/2/2026,T001-4647,GUZMAN,26/2/2026,9,ALMC,18/3/2026,12,27/3/2026,EG03-00013402,EG07-00008162,,4700004403,,
2025-2026,LIQUIDADO,HF PERU,25-194-HPER,4700004403,GONZALO, PROJAR ,SUSTRATOS,FIBRA DE COCO SUPRA,GEN,FE26-00061,22.00,BOL,EUR,"12,276.00","14,485.68",0,CIF,SEA,FCL,ESPAÑA,VALENCIA,CALLAO,1,40 HC,22,PALLET,NA,NA,DIRECTO,NA,MAERSK,263695447,CAAU8909941,ML-ES0310651,"21,265.00",21/1/2026,4,MAEU263695447,MAERSK BAYETE 603S,20/2/2026,8,NO,NA,NEW AGE,AVM,26/000204,21/1/2026,13/2/2026,118-2026-10-074625-01-4-00,24/2/2026,24/2/2026,24/2/2026,11/3/2026,ALMACEN LIMA,AVM,25/2/2026,T001-4644,GUZMAN,26/2/2026,9,ALMC,18/3/2026,12,27/3/2026,EG03-00013403,EG07-00008161,,4700004403,,
2025-2026,LIQUIDADO,HF PERU,25-194-HPER,4700004403,GONZALO, PROJAR ,SUSTRATOS,FIBRA DE COCO SUPRA,GEN,FE26-00061,22.00,BOL,EUR,"12,276.00","14,485.68",0,CIF,SEA,FCL,ESPAÑA,VALENCIA,CALLAO,1,40 HC,22,PALLET,NA,NA,DIRECTO,NA,MAERSK,263695447,TIIU4880022,ML-ES0314039,"21,135.00",21/1/2026,4,MAEU263695447,MAERSK BAYETE 603S,20/2/2026,8,NO,NA,NEW AGE,AVM,26/000204,21/1/2026,13/2/2026,118-2026-10-074625-01-4-00,24/2/2026,24/2/2026,24/2/2026,11/3/2026,ALMACEN LIMA,AVM,26/2/2026,T001-4648,GUZMAN,27/2/2026,9,ALMC,17/3/2026,12,27/3/2026,EG03-00013393,EG07-00008154,,4700004403,,
2025-2026,LIQUIDADO,HF PERU,25-194-HPER,4700004403,GONZALO, PROJAR ,SUSTRATOS,FIBRA DE COCO SUPRA,GEN,FE26-00061,13.00,BOL,EUR,"7,281.43","8,592.09",0,CIF,SEA,FCL,ESPAÑA,VALENCIA,CALLAO,0.6,40 HC,13,PALLET,NA,NA,DIRECTO,NA,MAERSK,263695447,MRSU6237022,ML-ES0528198,"12,371.00",21/1/2026,4,MAEU263695447,MAERSK BAYETE 603S,20/2/2026,8,NO,NA,NEW AGE,AVM,26/000204,21/1/2026,13/2/2026,118-2026-10-074625-01-4-00,24/2/2026,24/2/2026,24/2/2026,11/3/2026,ALMACEN LIMA,AVM,26/2/2026,T001-4649,GUZMAN,27/2/2026,9,ALMC,19/3/2026,12,27/3/2026,EG03-00013411,EG07-00008169,,4700004403,,
2025-2026,LIQUIDADO,HF PERU,25-194-HPER,4700004403,GONZALO, PROJAR ,SUSTRATOS,PERLITA AGRICOLA,GEN,FE26-00061,305.00,UN,EUR,"4,847.96","5,720.59",0,CIF,SEA,FCL,ESPAÑA,VALENCIA,CALLAO,0.4,40 HC,351,SACO,NA,NA,DIRECTO,NA,MAERSK,263695447,MRSU6237022,ML-ES0528198,"3,246.00",21/1/2026,4,MAEU263695447,MAERSK BAYETE 603S,20/2/2026,8,NO,NA,NEW AGE,AVM,26/000204,21/1/2026,13/2/2026,118-2026-10-074625-01-4-00,24/2/2026,24/2/2026,24/2/2026,11/3/2026,ALMACEN LIMA,AVM,26/2/2026,T001-4649,GUZMAN,27/2/2026,9,ALMC,19/3/2026,12,27/3/2026,EG03-00013411,EG07-00008169,,4700004403,,
2025-2026,LIQUIDADO,HF PERU,25-202-HPER,4700004472,MELANIE, AGROGENIUS ,SPAREPARTS,REPUESTOS VARIOS,-, INV-2026012701 ,2.00,UN,USD,"4,219.28","4,219.28",0,DDP,AIR,AIR,,,LIMA,,,,,NA,NA,DIRECTO,NA,UPS,1ZW012W96716583691,NA,NA,,7/2/2026,6,1ZW012W96716583691,UPS COURIER,23/2/2026,9,NO,NA,NA,UPS,OR457,12/2/2026,12/2/2026,235-2026-10-022905-01-2-00,NA,NA,19/2/2026,NA,COURIER,,,,,23/2/2026,9,PLSA,23/2/2026,9,3/3/2026,NA,NA,,4700004472,,
2025-2026,RETIRADO,HF PERU,25-199-HPER,4700004496,OMAR, BIOCONSUL ,AGQ,ORGANCAB K,-, BE005/26 ,"20,000.00",LT,EUR,"15,000.00","17,700.00",60,EXW,SEA,FCL,ESPAÑA,VALENCIA,CALLAO,1,40 HC,20,PALLET,2/2/2026,2/2/2026,AIRSEALOG,S00063551,MSC,EBKG15748308,CAAU7785609,FX39520155,"26,760.00",19/2/2026,8,PVAL26023124,MSC SAMIA NX607A,20/3/2026,12,SI,16/2/2026,IMUPESA,AVM,26/000417,13/3/2026,17/3/2026,118-2026-10-123536-01-2-00,NA,NA,23/3/2026,1/4/2026,ALMACEN LIMA,AVM,24/3/2026,,GUZMAN,24/3/2026,13,,,52,,,,,4700004496,,
2025-2026,LIQPARCIAL,HF PERU,25-201-HPER,4700004461,OMAR, CODIAGRO ,AGQ,FITOKONTROL-K,-,72,"17,000.00",LT,EUR,"44,390.40","52,380.67",0,EXW,SEA,FCL,ESPAÑA,BARCELONA,CALLAO,1,20 ST,17,PALLET,3/2/2026,3/2/2026,AIRSEALOG,S00063602,MSC,EBKG15775307,MEDU5042803,FX39520085,"23,885.00",18/2/2026,8,PVAL26024422,MSC SAMIA NX607A,20/3/2026,12,SI,16/2/2026,IMUPESA,AVM,26/000415,13/3/2026,17/3/2026,118-2026-10-122678-01-8-00,NA,NA,23/3/2026,1/4/2026,ALMACEN LIMA,AVM,24/3/2026,T001-4729,GUZMAN,24/3/2026,13, ALMC ,15/4/2026,16,20/4/2026,EG03-00013666,EG07-00008337,,4700004461,,
2025-2026,ENTREGADO,HFE BERRIES,25-035-HFEB,4700004524,OMAR, PROMISOL ,AGQ,MUCIGEL,-,F/26036,"2,000.00",LT,EUR,"16,800.00","19,824.00",90,EXW,SEA,LCL,ESPAÑA,BARCELONA,CALLAO,NA,NA,2,PALLET,11/2/2026,11/2/2026,FORBIS,PE-26020362-01,CMA CGM,PECLL26030F,SEKU6377485,M2054906,"2,393.33",27/2/2026,9,FBEBCN26024857,GUAYAQUIL EXPRESS 0WCNDS1MA,3/4/2026,14,SI,23/2/2026,ALFOSAC,AVM,26/000450,25/3/2026,30/3/2026,118-2026-10-146707-01-8-00,NA,NA,7/4/2026,NA,DIRECTO,NA,13/4/2026,NA,AVM,14/4/2026,16,OLMOS,14/4/2026,16,,,,,4700004524,,
2025-2026,ENTREGADO,HFE BERRIES,25-035-HFEB,4700004524,OMAR, PROMISOL ,AGQ,PROMI FERTIL MIX,-,F/26036,"1,000.00",KG,EUR,"7,550.00","8,909.00",90,EXW,SEA,LCL,ESPAÑA,BARCELONA,CALLAO,NA,NA,1,PALLET,11/2/2026,11/2/2026,FORBIS,PE-26020362-01,CMA CGM,PECLL26030F,SEKU6377485,M2054906,"1,196.67",27/2/2026,9,FBEBCN26024857,GUAYAQUIL EXPRESS 0WCNDS1MA,3/4/2026,14,SI,23/2/2026,ALFOSAC,AVM,26/000450,25/3/2026,30/3/2026,118-2026-10-146707-01-8-00,NA,NA,7/4/2026,NA,DIRECTO,NA,13/4/2026,NA,AVM,14/4/2026,16,OLMOS,14/4/2026,16,,,,,4700004524,,
2025-2026,LIQPARCIAL,HF PERU,25-215-HPER,4700004499,GONZALO,GUANGDONG,EQP & INST,LAMPARAS,-, 01120260123 ,"3,360.00",UN,USD,"9,850.80","9,850.80",30% AD,EXW,AIR,AIR,CHINA,PUDONG,LIMA,NA,NA,5,PALLET,16/3/2026,20/3/2026,AIRSEALOG,S00064981 ,DELTA,006-52995983,NA,NA,311.00,3/4/2026,14,SA260307009,DELTA CARGO,8/4/2026,15,SI,1/4/2026,SHOHIN,LIP,4266,1/4/2026,1/4/2026,235-2026-10-052934-01-0-00,NA,NA,9/4/2026,NA,ALMACEN LIMA,LIP,10/4/2026,T001-9133,GUZMAN,10/4/2026,15,MAQ0,16/4/2026,16,23/4/2026,EG03-00013687,EG07-00008344,,4700004499,,
2025-2026,LIQPARCIAL,HF PERU,25-205-HPER,4700004516,MELANIE, A&B ,SPAREPARTS,REPUESTOS VARIOS,-,1278,24.00,UN,USD,"12,933.28","12,933.28",0,EXW,AIR,AIR,USA,MIAMI,LIMA,NA,NA,1,CAJA,16/2/2026,16/2/2026,FORBIS,PE-26020492,LAN CARGO,FOR70376672,NA,NA,15.90,25/2/2026,9,FOR70376672,LAN CARGO,25/2/2026,9,SI,24/2/2026,TALMA,LIP,2703,24/2/2026,24/2/2026,235-2026-10-030508-01-9-00,NA,NA,NA,NA,ALMACEN LIMA,LIP,26/2/2026,T001-8992,GUZMAN,27/2/2026,9,MAQ0,5/3/2026,10,6/3/2026,EG03-00013314,EG07-00008074,,4700004516,,
2025-2026,LIQPARCIAL,HF PERU,25-206-HPER,4700004574,CORPORATIVO, ECE ,MAQUINARIA,NANOBURBUJAS,-,48495,1.00,UN,USD,,0.00,0,EXW,AIR,AIR,USA,MIAMI,LIMA,NA,NA,0.8,PALLET,17/2/2026,17/2/2026,AIRSEALOG,S00064040 ,AIRMAX,55301,1,NA,434.00,25/2/2026,9,55301,AIRMAX CARGO,25/2/2026,9,SI,24/2/2026,SHOHIN,LIP,2720,23/2/2026,3/3/2026,235-26-20-000229-01-0-00,NA,NA,4/3/2026,NA,DIRECTO,NA,5/3/2026,NA,LIP,6/3/2026,10,ALMC,6/3/2026,10,27/3/2026,T001-9011,NA,,4700004574,,
2025-2026,LIQPARCIAL,HF PERU,25-206-HPER,4700004574,CORPORATIVO, ECE ,MAQUINARIA,MANGUERA,-,48496,1.00,UN,USD,"1,625.00","1,625.00",0,EXW,AIR,AIR,USA,MIAMI,LIMA,NA,NA,0.2,PALLET,17/2/2026,17/2/2026,AIRSEALOG,S00064040 ,AIRMAX,55301,2,NA,10.00,25/2/2026,9,55301,AIRMAX CARGO,25/2/2026,9,SI,24/2/2026,SHOHIN,LIP,2720,23/2/2026,3/3/2026,235-26-20-000229-01-0-00,NA,NA,4/3/2026,NA,DIRECTO,NA,5/3/2026,NA,LIP,6/3/2026,10,ALMC,6/3/2026,10,27/3/2026,T001-9011,NA,,4700004574,,
2025-2026,LIQPARCIAL,HF PERU,25-207-HPER,4700004494,MELANIE, SMARTPACK ,SPAREPARTS,REPUESTOS VARIOS,-,284,112.00,UN,USD,"17,281.85","17,281.85",30,EXW,AIR,AIR,CHILE,SANTIAGO,LIMA,NA,NA,1,CAJA,24/2/2026,25/2/2026,FORBIS,PE-26020764-01,KOREAN AIRLINES,PELIM26036,NA,NA,19.00,6/3/2026,10,PELIM26036,KOREAN AIRLINES,6/3/2026,10,SI,5/3/2026,ALFOSAC,LIP,2993,5/3/2026,5/3/2026,235-2026-10-035986-01-6-00,NA,NA,6/3/2026,NA,ALMACEN LIMA,LIP,9/3/2026,T001-9017,GUZMAN,9/3/2026,11,12/3/2026,12/3/2026,11,13/3/2026,EG03-00013361,EG07-00008117,,4700004494,,
2025-2026,LIQUIDADO,HF PERU,25-218-HPER,4700004609,GONZALO, RITEC ,EQP & INST,APARATOS DE RIEGO,-,26/249,12.00,UN,USD,600.00,600.00,0,EXW,AIR,AIR,ESPAÑA,MADRID,LIMA,NA,NA,1,CAJA,NA,NA,COURIER,NA,DHL,9863245803,NA,NA,2.00,30/3/2026,14,9863245803,DHL COURIER,8/4/2026,15,NO,NA,NA,DHL,NA,NA,30/3/2026,235-2026-28-07947419-47-4-00,NA,NA,,,COURIER,NA,NA,NA,NA,8/4/2026,15,PLSA,8/4/2026,15,20/4/2026,NA,NA,,4700004609,,
2025-2026,RETIRADO,HF PERU,25-208-HPER,4700004548,OMAR, BIOCONSUL ,AGQ,ORGANCAB K,-,BE008/26,"20,000.00",LT,EUR,"15,000.00","17,700.00",60,EXW,SEA,FCL,ESPAÑA,VALENCIA,CALLAO,0.9,40 HC,20,PALLET,27/2/2026,27/2/2026,AIRSEALOG,S00064338,MSC,EBKG16050009,MSDU5331444,FX39520178,"26,793.70",15/3/2026,11,PVAL26045948,MSC PISA NX610A,10/4/2026,15,SI,17/3/2026,IMUPESA,AVM,26/000472,31/3/2026,7/4/2026,118-2026-10-160101-01-6-00,NA,NA,13/4/2026,24/4/2026,ALMACEN LIMA,AVM,15/4/2026,,GUZMAN,15/4/2026,16,ALMC,,52,,,,,4700004548,,
2025-2026,RETIRADO,HF PERU,25-208-HPER,4700004548,OMAR, BIOCONSUL ,AGQ,FORTICAB SK,SAMPLE,M261/25,25.00,LT,EUR,0.25,0.30,60,EXW,SEA,FCL,ESPAÑA,VALENCIA,CALLAO,0.1,40 HC,1,PALLET,27/2/2026,27/2/2026,AIRSEALOG,S00064338,MSC,EBKG16050009,MSDU5331444,FX39520178,33.70,15/3/2026,11,PVAL26045948,MSC PISA NX610A,10/4/2026,15,SI,17/3/2026,IMUPESA,AVM,26/000472,31/3/2026,7/4/2026,118-2026-10-160101-01-6-00,NA,NA,13/4/2026,24/4/2026,ALMACEN LIMA,AVM,15/4/2026,,GUZMAN,15/4/2026,16,ALMC,,52,,,,,4700004548,,
2025-2026,ENTREGADO,HFE BERRIES,25-036-HFEB,4700004549,OMAR, PROMISOL ,AGQ,PROMI FERTIL MIX,-,F/26063,"1,500.00",KG,EUR,"11,325.00","13,363.50",90,EXW,SEA,LCL,ESPAÑA,BARCELONA,CALLAO,NA,NA,2,PALLET,23/2/2026,23/2/2026,AIRSEALOG,S00064177,CMA CGM,,ECMU7437577,M2054070,"1,560.00",11/3/2026,11,012026023597,CALLAO EXPRESS 0WCNHS1MA,17/4/2026,16,SI,6/3/2026,VILLAS OQUENDO,AVM,26/000511,13/4/2026,15/4/2026,118-2026-10-172217-01-4-00,NA,NA,20/4/2026,NA,DIRECTO,AVM,22/4/2026,,AVM,23/4/2026,17,OLMOS,23/4/2026,17,,,,,4700004549,,
2025-2026,RETIRADO,HF PERU,25-204-HPER,4700004529,OMAR, PROMISOL ,AGQ,PROMI-CALFOR,-,F/26060,"24,000.00",KG,EUR,"84,600.00","99,828.00",90,EXW,SEA,FCL,ESPAÑA,BARCELONA,CALLAO,1,20 ST,20,PALLET,12/2/2026,12/2/2026,AIRSEALOG,S00063929,MSC,EBKG15867397,TGBU2644013,FX39548211,"24,880.00",18/3/2026,12,PBEM065431,MSC CASSANDRE NX611A,17/4/2026,16,SI,17/3/2026,IMUPESA,AVM,26/000508,13/4/2026,16/4/2026,118-2026-10-172699-01-9-00,NA,NA,20/4/2026,29/4/2026,ALMACEN LIMA,AVM,21/4/2026,,GUZMAN,21/4/2026,17,,,52,,,,,4700004529,,
2025-2026,LIQPARCIAL,HF PERU,25-209-HPER,4700004430-2,MELANIE, A&B ,SPAREPARTS,REPUESTOS VARIOS,-,1255,"2,186.00",UN,USD,"19,395.68","19,395.68",0,EXW,AIR,AIR,USA,MIAMI,LIMA,NA,NA,2,CAJA,2/3/2026,2/3/2026,AIRSEALOG,S00064386,AIRMAX,658-30887721,NA,NA,48.00,18/3/2026,12,ASLUSS00064386,AIRMAX CARGO,18/3/2026,12,SI,13/3/2026,SHOHIN,LIP,3356,13/3/2026,13/3/2026,235-2026-10-040909-01-6-00,NA,NA,19/3/2026,NA,ALMACEN LIMA,LIP,20/3/2026,T001-9048,GUZMAN,20/3/2026,12,MAQ0,1/4/2026,14,7/4/2026,EG03-00013592,EG07-00008265,,4700004430-2,,
2025-2026,RETIRADO,HF PERU,25-211-HPER,4700004559,OMAR, PROMISOL ,AGQ,PROMI-CALFOR,-,F/26079,"24,000.00",KG,EUR,"86,400.00","101,952.00",90,EXW,SEA,FCL,ESPAÑA,BARCELONA,CALLAO,1,20 ST,20,PALLET,9/3/2026,10/3/2026,AIRSEALOG,S00064587,MSC,EBKG16152478,MEDU2596606,FX39592729,"24,880.00",18/3/2026,12,PBEM065623,MSC CASSANDRE NX611A,17/4/2026,16,SI,17/3/2026,IMUPESA,AVM,26/000495,9/4/2026,11/4/2026,118-2026-10-167860-01-1-00,NA,NA,20/4/2026,30/4/2026,ALMACEN LIMA,AVM,21/4/2026,,GUZMAN,21/4/2026,17,,,52,,,,,4700004559,,
2025-2026,RECEPCIONADO,HF PERU,25-220-HPER,4700004486,GONZALO, SMARTPACK ,SPAREPARTS,REPUESTOS VARIOS,-,288,4.00,UN,USD,330.80,330.80,30,EXW,AIR,AIR,CHILE,SANTIAGO,LIMA,NA,NA,1,CAJA,NA,NA,COURIER,NA,DHL,2342727623,NA,NA,0.60,6/4/2026,15,2342727623,DHL COURIER,11/4/2026,15,NO,NA,NA,DHL,NA,NA,7/4/2026,235-2026-28-08674543-48-8-00,NA,NA,,,COURIER,NA,NA,NA,NA,20/4/2026,17,PLSA,20/4/2026,17,8/5/2026,NA,NA,,4700004486,,
2026-2027,LIQUIDADO,HF PERU,26-002-HPER,PEA2H10101,FIORELLA, LINGKANG ,E & E,ENVASES,SAMPLE,CI-001,74.00,UN,USD,5.20,5.20,0,DAP,AIR,AIR,CHINA,SHANGHAI,LIMA,NA,NA,1,CAJA,NA,NA,COURIER,NA,UPS,1ZEC53936732178126,NA,NA,1.00,28/3/2026,13,EC5393D4773,UPS COURIER,15/4/2026,16,NO,NA,NA,UPS,NA,NA,5/4/2026,235-2026-28-08431195-48-1-00,NA,NA,,,,,,,,15/4/2026,16,,,52,,,,,PEA2H10101,,
2025-2026,RETIRADO,HF PERU,25-213-HPER,4700004580,OMAR, BIOCONSUL ,AGQ,ORGANCAB K,-,BE012/26,"20,000.00",LT,EUR,"15,000.00","17,700.00",60,EXW,SEA,FCL,ESPAÑA,VALENCIA,CALLAO,1,40 HC,20,PALLET,13/3/2026,16/3/2026,AIRSEALOG,S00064759,MSC,,MSBU7159321,FX44635398,"26,760.00",29/3/2026,13,H2601281,MSC ALANYA NX612A,24/4/2026,17,SI,26/3/2026,IMUPESA,AVM,26/000514,13/4/2026,22/4/2026,118-2026-10-185558-01-1-00,NA,NA,25/4/2026,7/5/2026,ALMACEN LIMA,AVM,28/4/2026,,GUZMAN,28/4/2026,18,,,52,,,,,4700004580,,
2025-2026,RETIRADO,HF PERU,25-213-HPER,4700004580,OMAR, BIOCONSUL ,AGQ,ORGANCAB K,-,BE012/26,"20,000.00",LT,EUR,"15,000.00","17,700.00",60,EXW,SEA,FCL,ESPAÑA,VALENCIA,CALLAO,1,40 HC,20,PALLET,13/3/2026,16/3/2026,AIRSEALOG,S00064759,MSC,,TIIU4036618,FX44635394,"26,760.00",29/3/2026,13,H2601281,MSC ALANYA NX612A,24/4/2026,17,SI,26/3/2026,IMUPESA,AVM,26/000514,13/4/2026,22/4/2026,118-2026-10-185558-01-1-00,NA,NA,25/4/2026,7/5/2026,ALMACEN LIMA,AVM,28/4/2026,,GUZMAN,28/4/2026,18,,,52,,,,,4700004580,,
2025-2026,RETIRADO,HF PERU,25-210-HPER,4700004532,GONZALO, POPPELMAN ,E & E,PORTA-MACETAS,-,30019273,"7,800.00",UN,EUR,"13,522.03","15,956.00",0,CIF,SEA,FCL,ALEMANIA,BREMERHAVEN,CALLAO,1,40 HC,390,CAJA,NA,NA,DIRECTO,NA,MSC,459IHA1539733,MSMU4741688,GW319495,"4,026.52",28/3/2026,13,MEDUR8268829,ONE SPIRIT 2611E,3/5/2026,18,NO,NA,IMUPESA,AVM,26/000484,23/2/2026,29/4/2026,118-2026-10-198265-01-6-00,NA,NA,5/5/2026,24/5/2026,ALMACEN LIMA,AVM,5/5/2026,,GUZMAN,6/5/2026,19,,,52,,,,,4700004532,,
2025-2026,ADUANAS,HF PERU,25-216-HPER,4700004578,OMAR, PROMISOL ,AGQ,PROMI-CALFOR,-,F/26116,"24,000.00",KG,EUR,"86,400.00","101,952.00",90,EXW,SEA,FCL,ESPAÑA,BARCELONA,CALLAO,1,20 ST,20,PALLET,20/3/2026,23/3/2026,FORBIS,PE-26030800-01,MSC,048IBC0412361,MSBU2817420,FX39598531,"24,880.00",6/4/2026,15,ME2604485/1,MSC EMILIA NX614A,8/5/2026,19,SI,9/4/2026,IMUPESA,AVM,26/000581,27/4/2026,6/5/2026,118-2026-10-213274-01-3-00,NA,NA,,,,,,,,,52,,,52,,,,,4700004578,,
2025-2026,ADUANAS,HF PERU,25-217-HPER,4700004504,OMAR, CODIAGRO ,AGQ,FITOKONTROL-K,-,123,"17,000.00",LT,EUR,"44,390.40","52,380.67",0,EXW,SEA,FCL,ESPAÑA,VALENCIA,CALLAO,1,20 ST,17,PALLET,23/3/2026,24/3/2026,FORBIS,PE-26030857-01,MSC,048IBC0412405,MEDU6438379,FX44632332,"24,021.00",13/4/2026,16,ME2604510/1,MSC EMILIA NX614A,8/5/2026,19,SI,9/4/2026,IMUPESA,AVM,26/000585,27/4/2026,6/5/2026,118-2026-10-213312-01-2-00,NA,NA,,,,,,,,,52,,,52,,,,,4700004504,,
2025-2026,ADUANAS,HF PERU,25-217-HPER,4700004558,OMAR, CODIAGRO ,AGQ,FITOKONTROL-K,-,203,"17,000.00",LT,EUR,"44,390.40","52,380.67",0,EXW,SEA,FCL,ESPAÑA,VALENCIA,CALLAO,1,20 ST,17,PALLET,23/3/2026,24/3/2026,FORBIS,PE-26030857-01,MSC,048IBC0412405,CXDU2093739,FX44632326,"24,021.00",13/4/2026,16,ME2604510/1,MSC EMILIA NX614A,8/5/2026,19,SI,9/4/2026,IMUPESA,AVM,26/000585,27/4/2026,6/5/2026,118-2026-10-213312-01-2-00,NA,NA,,,,,,,,,52,,,52,,,,,4700004558,,
2026-2027,ADUANAS,HFE BERRIES,26-005-HFEB,4700004466,VICTOR, SMARTPACK ,SPAREPARTS,REPUESTOS VARIOS,-,289,1.00,UN,USD,"4,876.00","4,876.00",30,EXW,AIR,AIR,CHILE,SANTIAGO,LIMA,NA,NA,1,CAJA,29/4/2026,29/4/2026,AIRSEALOG,S00066146,SKY CARGO,605-00681623,NA,NA,9.00,9/5/2026,19,S26041028618,SKY CARGO,9/5/2026,19,SI,8/5/2026,SHOHIN,LIP,6029,8/5/2026,8/5/2026,235-2026-10-074969-01-1-00,NA,NA,,,,,,,,,52,,,52,,,,,4700004466,,
2026-2027,ADUANAS,HFE BERRIES,26-005-HFEB,4700004531,SEBASTIAN, SMARTPACK ,SPAREPARTS,REPUESTOS VARIOS,-,292,3.00,UN,USD,"3,252.00","3,252.00",30,EXW,AIR,AIR,CHILE,SANTIAGO,LIMA,NA,NA,1,CAJA,29/4/2026,29/4/2026,AIRSEALOG,S00066146,SKY CARGO,605-00681623,NA,NA,9.00,9/5/2026,19,S26041028618,SKY CARGO,9/5/2026,19,SI,8/5/2026,SHOHIN,LIP,6029,8/5/2026,8/5/2026,235-2026-10-074969-01-1-00,NA,NA,,,,,,,,,52,,,52,,,,,4700004531,,
2026-2027,ADUANAS,HF PERU,26-007-HPER,Pendiente,GONZALO, HAYLEYS ,SUSTRATOS,FIBRA DE COCO,SAMPLE,HF-BG-91,4.00,UN,USD,6.00,6.00,0,DAP,AIR,AIR,SRI LANKA,COLOMBO,LIMA,NA,NA,1,CAJA,NA,NA,COURIER,NA,DHL,9161230374,NA,NA,14.00,30/4/2026,18,9161230374,DHL COURIER,11/5/2026,20,NO,NA,NA,DHL,NA,NA,,,PENDIENTE,PENDIENTE,,,,,,,,,52,,,52,,,,,Pendiente,,
2025-2026,ADUANAS,HF PERU,25-219-HPER,4700004618,OMAR, PROMISOL ,AGQ,CYTOLAN,-,F/26124,"1,000.00",KG,EUR,"10,850.00","12,803.00",90,EXW,SEA,LCL,ESPAÑA,BARCELONA,CALLAO,NA,NA,2,PALLET,30/3/2026,30/3/2026,AIRSEALOG,S00065248,MSC,,MSNU6941009,,,14/4/2026,16,BCN/CAL/08364,MSC EDNA NX615A,15/5/2026,20,SI,16/4/2026,DPW,AVM,,8/5/2026,,,NA,NA,,,,,,,,,52,,,52,,,,,4700004618,,
2025-2026,ADUANAS,HFE BERRIES,25-039-HFEB,4700004584,OMAR, PROMISOL ,AGQ,CYTOFLOW AMIN,-,F/26137,"2,000.00",KG,EUR,"20,600.00","24,308.00",90,EXW,SEA,FCL,ESPAÑA,BARCELONA,CALLAO,0.25,40 HC,3,PALLET,31/3/2026,31/3/2026,FORBIS,PE-26031258-01,MSC,048IBC0413017,TGBU1046531,FX39725119,"2,312.50",14/4/2026,16,ME2604884/1,MSC EDNA NX615A,15/5/2026,20,SI,9/4/2026,IMUPESA,AVM,,8/5/2026,,,NA,NA,,,,,,,,,52,,,52,,,,,4700004584,,
2025-2026,ADUANAS,HFE BERRIES,25-039-HFEB,4700004584,OMAR, PROMISOL ,AGQ,CYTOLAN,-,F/26137,"2,000.00",KG,EUR,"21,700.00","25,606.00",90,EXW,SEA,FCL,ESPAÑA,BARCELONA,CALLAO,0.25,40 HC,3,PALLET,31/3/2026,31/3/2026,FORBIS,PE-26031258-01,MSC,048IBC0413017,TGBU1046531,FX39725119,"2,312.50",14/4/2026,16,ME2604884/1,MSC EDNA NX615A,15/5/2026,20,SI,9/4/2026,IMUPESA,AVM,,8/5/2026,,,NA,NA,,,,,,,,,52,,,52,,,,,4700004584,,
2025-2026,TRANSITO,HF PERU,25-214-HPER,4700004577,OMAR, PROMISOL ,AGQ,MUCIGEL,-,F/26103,"18,000.00",LT,EUR,"151,200.00","178,416.00",90,EXW,SEA,FCL,ESPAÑA,BARCELONA,CALLAO,1,20 ST,18,PALLET,16/3/2026,16/3/2026,FORBIS,PE-26030568-01,ZIM,ZIMUBCN10204379,JXJU3258831,ZZZA225225933,"23,040.00",3/4/2026,14,ME2604068/1,MARTI CLOUD 72S,20/5/2026,21,SI,9/4/2026,,AVM,,,,,NA,NA,,,,,,,,,52,,,52,,,,,4700004577,,
2025-2026,ADUANAS,HFE BERRIES,25-039-HFEB,4700004584,OMAR, PROMISOL ,AGQ,MUCIGEL,-,F/26137,"3,000.00",KG,EUR,"25,200.00","29,736.00",90,EXW,SEA,FCL,ESPAÑA,BARCELONA,CALLAO,0.25,40 HC,3,PALLET,31/3/2026,31/3/2026,FORBIS,PE-26031258-01,MSC,048IBC0413017,TGBU1046531,FX39725119,"2,312.50",14/4/2026,16,ME2604884/1,MSC EDNA NX615A,15/5/2026,20,SI,9/4/2026,IMUPESA,AVM,,8/5/2026,,,NA,NA,,,,,,,,,52,,,52,,,,,4700004584,,
2026-2027,TRANSITO,HF PERU,26-005-HPER,4700004606,OMAR, CODIAGRO ,AGQ,FITOKONTROL-K,-,237,"17,000.00",LT,EUR,"44,390.40","52,380.67",0,EXW,SEA,FCL,ESPAÑA,,CALLAO,0.9,20 ST,17,PALLET,13/4/2026,14/4/2026,FORBIS,PE-26040361-01,MSC,048IBC0413918,MEDU5021288,FX44662516,"24,031.43",24/4/2026,17,ME2605423/1,MSC RAYSHMI NX616A,22/5/2026,21,SI,17/4/2026,IMUPESA,AVM,,,,,NA,NA,,,,,,,,,52,,,52,,,,,4700004606,,
2026-2027,TRANSITO,HF PERU,26-005-HPER,4700004619,OMAR, CODIAGRO ,AGQ,ALCAPLANT-NEW,-,238,650.00,KG,EUR,"1,089.79","1,285.95",0,EXW,SEA,FCL,ESPAÑA,,CALLAO,0.1,20 ST,1,PALLET,13/4/2026,14/4/2026,FORBIS,PE-26040361-01,MSC,048IBC0413918,MEDU5021288,FX44662516,689.57,24/4/2026,17,ME2605423/1,MSC RAYSHMI NX616A,22/5/2026,21,SI,17/4/2026,IMUPESA,AVM,,,,,NA,NA,,,,,,,,,52,,,52,,,,,4700004619,,
2026-2027,ADUANAS,HF PERU,26-001-HPER,4700004645,ROSMERY, SMARTPACK ,SPAREPARTS,REPUESTOS VARIOS,-,293,2.00,UN,USD,403.80,403.80,30,EXW,AIR,AIR,CHILE,SANTIAGO,LIMA,NA,NA,,CAJA,NA,NA,COURIER,NA,DHL,9157934914,NA,NA,0.50,6/5/2026,19,9157934914,DHL COURIER,11/5/2026,20,NO,NA,NA,DHL,NA,NA,7/5/2026,235-2026-28-11389775-61-1-00,NA,NA,,,,,,,,,52,,,52,,,,,4700004645,,
2026-2027,ORIGEN,HF PERU,26-003-HPER,4700004557,OMAR, EDEN ,AGQ,DISPER COMPLEX,-,2026-1830,"20,000.00",KG,EUR,"146,800.00","173,224.00",90,EXW,SEA,FCL,ESPAÑA,BARCELONA,CALLAO,1,40 HC,40,PALLET,8/4/2026,9/4/2026,AIRSEALOG,S00065491,HAPAG LLOYD,,HAMU4618096,HLD2803230,"21,280.00",6/5/2026,19,PVAL26077598,GEMLIK EXPRESS 618S,30/5/2026,22,SI,21/4/2026,IMUPESA,AVM,,,,,NA,NA,,,,,,,,,52,,,52,,,,,4700004557,,
2026-2027,TRANSITO,HFE BERRIES,26-011-HFEB,4700004502-2,GONZALO, CARFIA ,SUSTRATOS,FIBRA DE COCO,S-HFEB,A/2600160,20.00,UN,USD,"16,934.44","16,934.44",C/E,FOB,SEA,FCL,SRI LANKA,COLOMBO,CALLAO,1,40 HC,20,PALLET,5/4/2026,5/4/2026,AIRSEALOG,S00065897,MSC,,CAIU9945231,FX42957523,"24,760.00",8/5/2026,19,SALSE26050042-01,MSC EMILIA NX624A,16/7/2026,29,SI,11/5/2026,,LIP,,,,,PENDIENTE,PENDIENTE,,,DIRECTO,NA,,,LIP,,52,OLMOS,,52,NA,NA,NA,,4700004502-2,,
2026-2027,TRANSITO,HFE BERRIES,26-010-HFEB,4700004502-1,GONZALO, CARFIA ,SUSTRATOS,FIBRA DE COCO,S-HFEB,A/2600130,20.00,UN,USD,"16,699.68","16,699.68",C/E,FOB,SEA,FCL,SRI LANKA,COLOMBO,CALLAO,1,40 HC,20,PALLET,5/4/2026,5/4/2026,AIRSEALOG,S00065384,MSC,,TIIU4797129,FX42957121,"24,466.00",19/4/2026,16,SALSE26040094-01,MSC CASSANDRE NX621A,25/6/2026,26,SI,21/4/2026,FARGO,LIP,,,,,PENDIENTE,PENDIENTE,,,DIRECTO,NA,,,LIP,,52,OLMOS,,52,NA,NA,NA,,4700004502-1,,
2026-2027,TRANSITO,HFE BERRIES,26-010-HFEB,4700004502-1,GONZALO, CARFIA ,SUSTRATOS,FIBRA DE COCO,S-HFEB,A/2600130,20.00,UN,USD,"16,699.68","16,699.68",C/E,FOB,SEA,FCL,SRI LANKA,COLOMBO,CALLAO,1,40 HC,20,PALLET,5/4/2026,5/4/2026,AIRSEALOG,S00065384,MSC,,MSMU5553767,FX42955465,"24,046.00",19/4/2026,16,SALSE26040094-01,MSC CASSANDRE NX621A,25/6/2026,26,SI,21/4/2026,FARGO,LIP,,,,,PENDIENTE,PENDIENTE,,,DIRECTO,NA,,,LIP,,52,OLMOS,,52,NA,NA,NA,,4700004502-1,,
2026-2027,TRANSITO,HFE BERRIES,26-011-HFEB,4700004502-2,GONZALO, CARFIA ,SUSTRATOS,FIBRA DE COCO,S-HFEB,A/2600160,20.00,UN,USD,"16,934.44","16,934.44",C/E,FOB,SEA,FCL,SRI LANKA,COLOMBO,CALLAO,1,40 HC,20,PALLET,5/4/2026,5/4/2026,AIRSEALOG,S00065897,MSC,,FBLU0069946,FX42957526,"24,760.00",8/5/2026,19,SALSE26050042-01,MSC EMILIA NX624A,16/7/2026,29,SI,11/5/2026,,LIP,,,,,PENDIENTE,PENDIENTE,,,DIRECTO,NA,,,LIP,,52,OLMOS,,52,NA,NA,NA,,4700004502-2,,
2026-2027,RECEPCIONADO,HF PERU,26-004-HPER,4700004560,MELANIE, A&B ,SPAREPARTS,REPUESTOS VARIOS,-,1299,26.00,UN,USD,"1,986.56","1,986.56",0,EXW,AIR,AIR,USA,MIAMI,LIMA,NA,NA,1,CAJA,13/4/2026,14/4/2026,FORBIS,PE-26040363-01,LAN CARGO,045-21588991,NA,NA,8.61,26/4/2026,17,FOR70377768,LAN CARGO,27/4/2026,18,SI,23/4/2026,TALMA,LIP,5356,23/4/2026,25/4/2026,235-2026-10-67755-01-1-00,NA,NA,27/4/2026, NA,ALMACEN LIMA,LIP,28/4/2026,T001-9234,GUZMAN,28/4/2026,18,PLSA,8/5/2026,19,8/5/2026,EG03-00014049,EG07-00008462,,4700004560,,
2026-2027,TRANSITO,HFE BERRIES,26-011-HFEB,4700004502-2,GONZALO, CARFIA ,SUSTRATOS,FIBRA DE COCO,S-HFEB,A/2600160,20.00,UN,USD,"16,934.44","16,934.44",C/E,FOB,SEA,FCL,SRI LANKA,COLOMBO,CALLAO,1,40 HC,20,PALLET,5/4/2026,5/4/2026,AIRSEALOG,S00065897,MSC,,MSDU7128082,FX42957596,"24,760.00",8/5/2026,19,SALSE26050042-01,MSC EMILIA NX624A,16/7/2026,29,SI,11/5/2026,,LIP,,,,,PENDIENTE,PENDIENTE,,,DIRECTO,NA,,,LIP,,52,OLMOS,,52,NA,NA,NA,,4700004502-2,,
2026-2027,TRANSITO,HFE BERRIES,26-011-HFEB,4700004502-2,GONZALO, CARFIA ,SUSTRATOS,FIBRA DE COCO,S-HFEB,A/2600160,20.00,UN,USD,"16,934.44","16,934.44",C/E,FOB,SEA,FCL,SRI LANKA,COLOMBO,CALLAO,1,40 HC,20,PALLET,5/4/2026,5/4/2026,AIRSEALOG,S00065897,MSC,,MSMU5486437,FX42957644,"24,760.00",8/5/2026,19,SALSE26050042-01,MSC EMILIA NX624A,16/7/2026,29,SI,11/5/2026,,LIP,,,,,PENDIENTE,PENDIENTE,,,DIRECTO,NA,,,LIP,,52,OLMOS,,52,NA,NA,NA,,4700004502-2,,
2026-2027,TRANSITO,HFE BERRIES,26-002-HFEB,4700004641,OMAR, PROMISOL ,AGQ,CYTOFLOW AMIN,-,F/26166,"1,000.00",KG,EUR,"10,300.00","12,154.00",90,EXW,SEA,LCL,ESPAÑA,BARCELONA,CALLAO,NA,NA,2,PALLET,13/4/2026,14/4/2026,AIRSEALOG,S00065619,MSC,,,,"1,060.00",10/5/2026,19,BCN/CAL/08390,MSC CAROLE NX618A,4/6/2026,23,SI,,,AVM,,,,,NA,NA,,,,,,,,,52,,,52,,,,,4700004641,,
2026-2027,TRANSITO,HFE BERRIES,26-002-HFEB,4700004642,OMAR, PROMISOL ,AGQ,MUCIGEL,-,F/26166,"3,000.00",LT,EUR,"25,200.00","29,736.00",90,EXW,SEA,LCL,ESPAÑA,BARCELONA,CALLAO,NA,NA,3,PALLET,13/4/2026,14/4/2026,AIRSEALOG,S00065619,MSC,,,,"3,825.00",10/5/2026,19,BCN/CAL/08390,MSC CAROLE NX618A,4/6/2026,23,SI,,,AVM,,,,,NA,NA,,,,,,,,,52,,,52,,,,,4700004642,,
2026-2027,TRANSITO,HFE BERRIES,26-004-HFEB,4700004607,OMAR, EDEN ,AGQ,DISPER COMPLEX,-,2026-1831,"2,000.00",KG,EUR,"52,400.00","61,832.00",90,EXW,SEA,FCL,ESPAÑA,BARCELONA,CALLAO,NA,NA,5,CAJA,7/4/2026,8/4/2026,FORBIS,PE-26040135-01,CMA CGM,,TEMU7094373,L7929144,"2,150.00",11/5/2026,20,EVLC26045805,GUAYAQUIL EXPRESS 0WCNXS1MA,12/6/2026,24,SI,30/4/2026,,AVM,,,,,NA,NA,,,,,,,,,52,,,52,,,,,4700004607,,
2026-2027,TRANSITO,HF PERU,26-009-HPER,4700004649-1,GONZALO, PROJAR ,SUSTRATOS,TURBA,SUST,,22.00,BOL,EUR,"88,440.00","104,359.20",90,CIF,SEA,FCL,LETONIA,RIGA,CALLAO,1,40 HC,22,PALLET,NA,NA,DIRECTO,NA,MAERSK,269844661,MSKU1694914,ML-LV0070894,"17,310.00",11/5/2026,20,MAEU269844661,MAERSK BAYETE 620S,19/6/2026,25,NO,NA,IMUPESA,AVM,,,,,PENDIENTE,PENDIENTE,,,,,,,,,52,,,52,,,,,4700004649-1,,
2026-2027,TRANSITO,HF PERU,26-009-HPER,4700004649-1,GONZALO, PROJAR ,SUSTRATOS,TURBA,SUST,,22.00,BOL,EUR,"88,440.00","104,359.20",90,CIF,SEA,FCL,LETONIA,RIGA,CALLAO,1,40 HC,22,PALLET,NA,NA,DIRECTO,NA,MAERSK,269844661,MRSU4365507,ML-LV0058776,"16,579.00",11/5/2026,20,MAEU269844661,MAERSK BAYETE 620S,19/6/2026,25,NO,NA,IMUPESA,AVM,,,,,PENDIENTE,PENDIENTE,,,,,,,,,52,,,52,,,,,4700004649-1,,
2026-2027,TRANSITO,HF PERU,26-009-HPER,4700004649-1,GONZALO, PROJAR ,SUSTRATOS,TURBA,SUST,,22.00,BOL,EUR,"88,440.00","104,359.20",90,CIF,SEA,FCL,LETONIA,RIGA,CALLAO,1,40 HC,22,PALLET,NA,NA,DIRECTO,NA,MAERSK,269844661,MRSU9485300,ML-LV0056780,"18,362.00",11/5/2026,20,MAEU269844661,MAERSK BAYETE 620S,19/6/2026,25,NO,NA,IMUPESA,AVM,,,,,PENDIENTE,PENDIENTE,,,,,,,,,52,,,52,,,,,4700004649-1,,
2026-2027,TRANSITO,HF PERU,26-009-HPER,4700004649-1,GONZALO, PROJAR ,SUSTRATOS,TURBA,SUST,,22.00,BOL,EUR,"88,440.00","104,359.20",90,CIF,SEA,FCL,LETONIA,RIGA,CALLAO,1,40 HC,22,PALLET,NA,NA,DIRECTO,NA,MAERSK,269844661,MRKU3689880,ML-LV0095690,"16,854.00",11/5/2026,20,MAEU269844661,MAERSK BAYETE 620S,19/6/2026,25,NO,NA,IMUPESA,AVM,,,,,PENDIENTE,PENDIENTE,,,,,,,,,52,,,52,,,,,4700004649-1,,
2026-2027,TRANSITO,HF PERU,26-009-HPER,4700004649-1,GONZALO, PROJAR ,SUSTRATOS,TURBA,SUST,,22.00,BOL,EUR,"88,440.00","104,359.20",90,CIF,SEA,FCL,LETONIA,RIGA,CALLAO,1,40 HC,22,PALLET,NA,NA,DIRECTO,NA,MAERSK,269844661,MRSU4380409,ML-LV0079202,"16,620.00",11/5/2026,20,MAEU269844661,MAERSK BAYETE 620S,19/6/2026,25,NO,NA,IMUPESA,AVM,,,,,PENDIENTE,PENDIENTE,,,,,,,,,52,,,52,,,,,4700004649-1,,
2026-2027,ORIGEN,HFE BERRIES,26-001-HFEB,4700004608,OMAR, PROMISOL ,AGQ,CYTOLAN,-,F/26160,"4,000.00",KG,EUR,"43,400.00","51,212.00",90,EXW,SEA,LCL,ESPAÑA,VALENCIA,CALLAO,NA,NA,5,PALLET,7/4/2026,8/4/2026,AIRSEALOG,S00065467,CMA CGM,,,,,12/5/2026,20,012026041258,,18/6/2026,25,SI,,,AVM,,,,,NA,NA,,,,,,,,,52,,,52,,,,,4700004608,,
2026-2027,ORIGEN,HFE BERRIES,26-001-HFEB,4700004608,OMAR, PROMISOL ,AGQ,PROMI FERTIL MIX,-,F/26160,"1,000.00",KG,EUR,"7,550.00","8,909.00",90,EXW,SEA,LCL,ESPAÑA,VALENCIA,CALLAO,NA,NA,1,PALLET,7/4/2026,8/4/2026,AIRSEALOG,S00065467,CMA CGM,,,,,12/5/2026,20,012026041258,,18/6/2026,25,SI,,,AVM,,,,,NA,NA,,,,,,,,,52,,,52,,,,,4700004608,,
2026-2027,ORIGEN,HFE BERRIES,26-003-HFEB,4700004653,OMAR, PROMISOL ,AGQ, CYTOFLOW AMIN ,-,F/26209,"1,000.00",KG,EUR,"10,300.00","12,154.00",90,EXW,SEA,LCL,ESPAÑA,VALENCIA,CALLAO,NA,NA,2,PALLET,23/4/2026,24/4/2026,AIRSEALOG,S00065995,CMA CGM,,,,,12/5/2026,20,012026043192,,19/6/2026,25,SI,,,AVM,,,,,NA,NA,,,,,,,,,52,,,52,,,,,4700004653,,
2026-2027,ORIGEN,HFE BERRIES,26-003-HFEB,4700004653,OMAR, PROMISOL ,AGQ, CYTOLAN ,-,F/26209,"1,000.00",KG,EUR,"10,850.00","12,803.00",90,EXW,SEA,LCL,ESPAÑA,VALENCIA,CALLAO,NA,NA,1,PALLET,23/4/2026,24/4/2026,AIRSEALOG,S00065995,CMA CGM,,,,,12/5/2026,20,012026043192,,19/6/2026,25,SI,,,AVM,,,,,NA,NA,,,,,,,,,52,,,52,,,,,4700004653,,
2026-2027,ORIGEN,HF PERU,26-010-HPER,4700004649-2,GONZALO, PROJAR ,SUSTRATOS,TURBA,SUST,,22.00,BOL,EUR,"88,440.00","104,359.20",90,CIF,SEA,FCL,LETONIA,RIGA,CALLAO,1,40 HC,22,PALLET,NA,NA,DIRECTO,NA,,,,,,17/5/2026,20,,,26/6/2026,26,NO,NA,,AVM,,,,,PENDIENTE,PENDIENTE,,,,,,,,,52,,,52,,,,,4700004649-2,,
2026-2027,ORIGEN,HF PERU,26-010-HPER,4700004649-2,GONZALO, PROJAR ,SUSTRATOS,TURBA,SUST,,22.00,BOL,EUR,"88,440.00","104,359.20",90,CIF,SEA,FCL,LETONIA,RIGA,CALLAO,1,40 HC,22,PALLET,NA,NA,DIRECTO,NA,,,,,,17/5/2026,20,,,26/6/2026,26,NO,NA,,AVM,,,,,PENDIENTE,PENDIENTE,,,,,,,,,52,,,52,,,,,4700004649-2,,
2026-2027,ORIGEN,HF PERU,26-010-HPER,4700004649-2,GONZALO, PROJAR ,SUSTRATOS,TURBA,SUST,,22.00,BOL,EUR,"88,440.00","104,359.20",90,CIF,SEA,FCL,LETONIA,RIGA,CALLAO,1,40 HC,22,PALLET,NA,NA,DIRECTO,NA,,,,,,17/5/2026,20,,,26/6/2026,26,NO,NA,,AVM,,,,,PENDIENTE,PENDIENTE,,,,,,,,,52,,,52,,,,,4700004649-2,,
2026-2027,ORIGEN,HF PERU,26-010-HPER,4700004649-2,GONZALO, PROJAR ,SUSTRATOS,TURBA,SUST,,22.00,BOL,EUR,"88,440.00","104,359.20",90,CIF,SEA,FCL,LETONIA,RIGA,CALLAO,1,40 HC,22,PALLET,NA,NA,DIRECTO,NA,,,,,,17/5/2026,20,,,26/6/2026,26,NO,NA,,AVM,,,,,PENDIENTE,PENDIENTE,,,,,,,,,52,,,52,,,,,4700004649-2,,
2026-2027,ORIGEN,HF PERU,26-010-HPER,4700004649-2,GONZALO, PROJAR ,SUSTRATOS,TURBA,SUST,,22.00,BOL,EUR,"88,440.00","104,359.20",90,CIF,SEA,FCL,LETONIA,RIGA,CALLAO,1,40 HC,22,PALLET,NA,NA,DIRECTO,NA,,,,,,17/5/2026,20,,,26/6/2026,26,NO,NA,,AVM,,,,,PENDIENTE,PENDIENTE,,,,,,,,,52,,,52,,,,,4700004649-2,,
2025-2026,ADUANAS,HFE BERRIES,25-039-HFEB,4700004584,OMAR, PROMISOL ,AGQ,PROMI FERTIL MIX,-,F/26137,"1,000.00",KG,EUR,"7,550.00","8,909.00",90,EXW,SEA,FCL,ESPAÑA,BARCELONA,CALLAO,0.25,40 HC,1,PALLET,31/3/2026,31/3/2026,FORBIS,PE-26031258-01,MSC,048IBC0413017,TGBU1046531,FX39725119,"2,312.50",14/4/2026,16,ME2604884/1,MSC EDNA NX615A,15/5/2026,20,SI,9/4/2026,IMUPESA,AVM,,8/5/2026,,,NA,NA,,,,,,,,,52,,,52,,,,,4700004584,,
2025-2026,ADUANAS,HFE BERRIES,25-038-HFEB,4700004614,OMAR, BIOCONSUL ,AGQ,ORGANCAB K,-,BE014/26,"20,000.00",LT,EUR,"15,000.00","17,700.00",60,EXW,SEA,FCL,ESPAÑA,VALENCIA,CALLAO,1,40 HC,20,PALLET,26/3/2026,26/3/2026,AIRSEALOG,S00065133 ,MSC,EBKG16375329,MSNU9311106,FX39676421,"26,760.00",16/4/2026,16,H2601520,MSC EDNA NX615A,15/5/2026,20,SI,16/4/2026,,AVM,,8/5/2026,,,NA,NA,,,,,,,,,52,,,52,,,,,4700004614,,
2025-2026,ADUANAS,HFE BERRIES,25-037-HFEB,4700004561,OMAR, PROMISOL ,AGQ,CYTOFLOW AMIN,-,F/26083,"1,000.00",KG,EUR,"10,300.00","12,154.00",90,EXW,SEA,LCL,ESPAÑA,BARCELONA,CALLAO,NA,NA,2,PALLET,9/3/2026,10/3/2026,FORBIS,PE-26030285-01,CMA CGM,,TCLU1589260,M2054076,"1,060.00",24/3/2026,13,012026031687, CARTAGENA EXPRESS 0WCNPS1MA ,15/5/2026,20,SI,25/3/2026,VILLAS OQUENDO,AVM,26/000587,27/4/2026,4/5/2026,118-2026-10-206440-01-9-00,NA,NA,,,,,,,,,52,,,52,,,,,4700004561,,
2026-2027,ORIGEN,HF PERU,26-011-HPER,4700004654,OMAR, EDEN ,AGQ, DISPER COMPLEX ,-,,"10,000.00",KG,EUR,"73,400.00","86,612.00",90,EXW,SEA,FCL,ESPAÑA,,CALLAO,1,20 ST,20,PALLET,5/5/2026,6/5/2026,AIRSEALOG,S00066314,,,,,,20/5/2026,21,,CAPE KORTIA,18/6/2026,25,SI,,,PASOC,,,,,NA,NA,,,,,,,,,52,,,52,,,,,4700004654,,
2026-2027,ORIGEN,HF PERU,26-006-HPER,4700004617,GONZALO, INTRALOX ,SPAREPARTS,REPUESTOS VARIOS,-,44003647,74.00,UN,USD,"6,258.32","6,258.32",0,EXW,AIR,AIR,USA,MIAMI,LIMA,NA,NA,2,CAJA,30/4/2026,30/4/2026,FORBIS,PE-26041035-01,,,,,,,52,,,,52,SI,,,LIP,,,,,NA,NA,,,,,,,,,52,,,52,,,,,4700004617,,
2026-2027,ORIGEN,HF PERU,26-008-HPER,4700004634,KELY, A&B ,SPAREPARTS,REPUESTOS VARIOS,-,1337,"5,647.00", UN ,USD,"24,914.95","24,914.95",0,EXW,AIR,AIR,USA,MIAMI,LIMA,NA,NA,1,CAJA,5/5/2026,5/5/2026,AIRSEALOG,S00066313,,,,,,,52,,,,52,SI,,,LIP,,,,,NA,NA,,,,,,,,,52,,,52,,,,,4700004634,,
2026-2027,ADUANAS,HF PERU,Pendiente,,FIORELLA, HIGHLANDS ,E & E,ENVASES,SAMPLE,100509,348.00,UN,USD,100.00,100.00,0,DAP,AIR,AIR,USA,FLORIDA,LIMA,NA,NA,2,CAJA,NA,NA,COURIER,NA,UPS,1Z75E78E6773124805,NA,NA,18.14,5/5/2026,19,1Z75E78E6773124805,UPS COURIER,18/5/2026,21,NO,NA,NA,UPS,,,,,NA,NA,,,,,,,,,52,,,52,,,,,0,,
2026-2027,PENDIENTE,HFE BERRIES,26-012-HFEB,4700004502-3,GONZALO, CARFIA ,SUSTRATOS,FIBRA DE COCO,S-HFEB,,20.00,UN,USD,"16,699.68","16,699.68",C/E,FOB,SEA,FCL,SRI LANKA,COLOMBO,CALLAO,1,40 HC,20,PALLET,5/4/2026,5/4/2026,AIRSEALOG,,MSC,,,,,,52,,,,52,SI,,,LIP,,,,,PENDIENTE,PENDIENTE,,,DIRECTO,NA,,,LIP,,52,OLMOS,,52,NA,NA,NA,,4700004502-3,,
2026-2027,PENDIENTE,HFE BERRIES,26-012-HFEB,4700004502-3,GONZALO, CARFIA ,SUSTRATOS,FIBRA DE COCO,S-HFEB,,20.00,UN,USD,"16,699.68","16,699.68",C/E,FOB,SEA,FCL,SRI LANKA,COLOMBO,CALLAO,1,40 HC,20,PALLET,5/4/2026,5/4/2026,AIRSEALOG,,MSC,,,,,,52,,,,52,SI,,,LIP,,,,,PENDIENTE,PENDIENTE,,,DIRECTO,NA,,,LIP,,52,OLMOS,,52,NA,NA,NA,,4700004502-3,,
2026-2027,PENDIENTE,HFE BERRIES,26-012-HFEB,4700004502-3,GONZALO, CARFIA ,SUSTRATOS,FIBRA DE COCO,S-HFEB,,20.00,UN,USD,"16,699.68","16,699.68",C/E,FOB,SEA,FCL,SRI LANKA,COLOMBO,CALLAO,1,40 HC,20,PALLET,5/4/2026,5/4/2026,AIRSEALOG,,MSC,,,,,,52,,,,52,SI,,,LIP,,,,,PENDIENTE,PENDIENTE,,,DIRECTO,NA,,,LIP,,52,OLMOS,,52,NA,NA,NA,,4700004502-3,,
2026-2027,PENDIENTE,HFE BERRIES,26-012-HFEB,4700004502-3,GONZALO, CARFIA ,SUSTRATOS,FIBRA DE COCO,S-HFEB,,20.00,UN,USD,"16,699.68","16,699.68",C/E,FOB,SEA,FCL,SRI LANKA,COLOMBO,CALLAO,1,40 HC,20,PALLET,5/4/2026,5/4/2026,AIRSEALOG,,MSC,,,,,,52,,,,52,SI,,,LIP,,,,,PENDIENTE,PENDIENTE,,,DIRECTO,NA,,,LIP,,52,OLMOS,,52,NA,NA,NA,,4700004502-3,,
2026-2027,PENDIENTE,HFE BERRIES,26-012-HFEB,4700004502-3,GONZALO, CARFIA ,SUSTRATOS,FIBRA DE COCO,S-HFEB,,20.00,UN,USD,"16,699.68","16,699.68",C/E,FOB,SEA,FCL,SRI LANKA,COLOMBO,CALLAO,1,40 HC,20,PALLET,5/4/2026,5/4/2026,AIRSEALOG,,MSC,,,,,,52,,,,52,SI,,,LIP,,,,,PENDIENTE,PENDIENTE,,,DIRECTO,NA,,,LIP,,52,OLMOS,,52,NA,NA,NA,,4700004502-3,,
2026-2027,PENDIENTE,HFE BERRIES,26-013-HFEB,4700004502-4,GONZALO, CARFIA ,SUSTRATOS,FIBRA DE COCO,S-HFEB,,20.00,UN,USD,"16,699.68","16,699.68",C/E,FOB,SEA,FCL,SRI LANKA,COLOMBO,CALLAO,1,40 HC,20,PALLET,5/4/2026,5/4/2026,AIRSEALOG,,MSC,,,,,,52,,,25/6/2026,26,SI,,,LIP,,,,,PENDIENTE,PENDIENTE,,,DIRECTO,NA,,,LIP,,52,OLMOS,,52,NA,NA,NA,,4700004502-4,,
2026-2027,PENDIENTE,HFE BERRIES,26-013-HFEB,4700004502-4,GONZALO, CARFIA ,SUSTRATOS,FIBRA DE COCO,S-HFEB,,20.00,UN,USD,"16,699.68","16,699.68",C/E,FOB,SEA,FCL,SRI LANKA,COLOMBO,CALLAO,1,40 HC,20,PALLET,5/4/2026,5/4/2026,AIRSEALOG,,MSC,,,,,,52,,,25/6/2026,26,SI,,,LIP,,,,,PENDIENTE,PENDIENTE,,,DIRECTO,NA,,,LIP,,52,OLMOS,,52,NA,NA,NA,,4700004502-4,,
2026-2027,PENDIENTE,HFE BERRIES,26-013-HFEB,4700004502-4,GONZALO, CARFIA ,SUSTRATOS,FIBRA DE COCO,S-HFEB,,20.00,UN,USD,"16,699.68","16,699.68",C/E,FOB,SEA,FCL,SRI LANKA,COLOMBO,CALLAO,1,40 HC,20,PALLET,5/4/2026,5/4/2026,AIRSEALOG,,MSC,,,,,,52,,,25/6/2026,26,SI,,,LIP,,,,,PENDIENTE,PENDIENTE,,,DIRECTO,NA,,,LIP,,52,OLMOS,,52,NA,NA,NA,,4700004502-4,,
2026-2027,PENDIENTE,HFE BERRIES,26-013-HFEB,4700004502-4,GONZALO, CARFIA ,SUSTRATOS,FIBRA DE COCO,S-HFEB,,20.00,UN,USD,"16,699.68","16,699.68",C/E,FOB,SEA,FCL,SRI LANKA,COLOMBO,CALLAO,1,40 HC,20,PALLET,5/4/2026,5/4/2026,AIRSEALOG,,MSC,,,,,,52,,,25/6/2026,26,SI,,,LIP,,,,,PENDIENTE,PENDIENTE,,,DIRECTO,NA,,,LIP,,52,OLMOS,,52,NA,NA,NA,,4700004502-4,,
2026-2027,PENDIENTE,HFE BERRIES,26-013-HFEB,4700004502-4,GONZALO, CARFIA ,SUSTRATOS,FIBRA DE COCO,S-HFEB,,20.00,UN,USD,"16,699.68","16,699.68",C/E,FOB,SEA,FCL,SRI LANKA,COLOMBO,CALLAO,1,40 HC,20,PALLET,5/4/2026,5/4/2026,AIRSEALOG,,MSC,,,,,,52,,,25/6/2026,26,SI,,,LIP,,,,,PENDIENTE,PENDIENTE,,,DIRECTO,NA,,,LIP,,52,OLMOS,,52,NA,NA,NA,,4700004502-4,,
2026-2027,PENDIENTE,HFE BERRIES,26-014-HFEB,4700004502-5,GONZALO, CARFIA ,SUSTRATOS,FIBRA DE COCO,S-HFEB,,20.00,UN,USD,"16,699.68","16,699.68",C/E,FOB,SEA,FCL,SRI LANKA,COLOMBO,CALLAO,1,40 HC,20,PALLET,5/4/2026,5/4/2026,AIRSEALOG,,MSC,,,,,,52,,,,52,SI,,,LIP,,,,,PENDIENTE,PENDIENTE,,,DIRECTO,NA,,,LIP,,52,OLMOS,,52,NA,NA,NA,,4700004502-5,,
2026-2027,PENDIENTE,HFE BERRIES,26-014-HFEB,4700004502-5,GONZALO, CARFIA ,SUSTRATOS,FIBRA DE COCO,S-HFEB,,20.00,UN,USD,"16,699.68","16,699.68",C/E,FOB,SEA,FCL,SRI LANKA,COLOMBO,CALLAO,1,40 HC,20,PALLET,5/4/2026,5/4/2026,AIRSEALOG,,MSC,,,,,,52,,,,52,SI,,,LIP,,,,,PENDIENTE,PENDIENTE,,,DIRECTO,NA,,,LIP,,52,OLMOS,,52,NA,NA,NA,,4700004502-5,,
2026-2027,PENDIENTE,HFE BERRIES,26-014-HFEB,4700004502-5,GONZALO, CARFIA ,SUSTRATOS,FIBRA DE COCO,S-HFEB,,20.00,UN,USD,"16,699.68","16,699.68",C/E,FOB,SEA,FCL,SRI LANKA,COLOMBO,CALLAO,1,40 HC,20,PALLET,5/4/2026,5/4/2026,AIRSEALOG,,MSC,,,,,,52,,,,52,SI,,,LIP,,,,,PENDIENTE,PENDIENTE,,,DIRECTO,NA,,,LIP,,52,OLMOS,,52,NA,NA,NA,,4700004502-5,,
2026-2027,PENDIENTE,HFE BERRIES,26-014-HFEB,4700004502-5,GONZALO, CARFIA ,SUSTRATOS,FIBRA DE COCO,S-HFEB,,20.00,UN,USD,"16,699.68","16,699.68",C/E,FOB,SEA,FCL,SRI LANKA,COLOMBO,CALLAO,1,40 HC,20,PALLET,5/4/2026,5/4/2026,AIRSEALOG,,MSC,,,,,,52,,,,52,SI,,,LIP,,,,,PENDIENTE,PENDIENTE,,,DIRECTO,NA,,,LIP,,52,OLMOS,,52,NA,NA,NA,,4700004502-5,,
2026-2027,PENDIENTE,HFE BERRIES,26-014-HFEB,4700004502-5,GONZALO, CARFIA ,SUSTRATOS,FIBRA DE COCO,S-HFEB,,20.00,UN,USD,"16,699.68","16,699.68",C/E,FOB,SEA,FCL,SRI LANKA,COLOMBO,CALLAO,1,40 HC,20,PALLET,5/4/2026,5/4/2026,AIRSEALOG,,MSC,,,,,,52,,,,52,SI,,,LIP,,,,,PENDIENTE,PENDIENTE,,,DIRECTO,NA,,,LIP,,52,OLMOS,,52,NA,NA,NA,,4700004502-5,,
2026-2027,PENDIENTE,HFE BERRIES,26-015-HFEB,4700004502-6,GONZALO, CARFIA ,SUSTRATOS,FIBRA DE COCO,S-HFEB,,20.00,UN,USD,"16,699.68","16,699.68",C/E,FOB,SEA,FCL,SRI LANKA,COLOMBO,CALLAO,1,40 HC,20,PALLET,5/4/2026,5/4/2026,AIRSEALOG,,MSC,,,,,,52,,,,52,SI,,,LIP,,,,,PENDIENTE,PENDIENTE,,,DIRECTO,NA,,,LIP,,52,OLMOS,,52,NA,NA,NA,,4700004502-6,,
2026-2027,PENDIENTE,HFE BERRIES,26-015-HFEB,4700004502-6,GONZALO, CARFIA ,SUSTRATOS,FIBRA DE COCO,S-HFEB,,20.00,UN,USD,"16,699.68","16,699.68",C/E,FOB,SEA,FCL,SRI LANKA,COLOMBO,CALLAO,1,40 HC,20,PALLET,5/4/2026,5/4/2026,AIRSEALOG,,MSC,,,,,,52,,,,52,SI,,,LIP,,,,,PENDIENTE,PENDIENTE,,,DIRECTO,NA,,,LIP,,52,OLMOS,,52,NA,NA,NA,,4700004502-6,,
2026-2027,PENDIENTE,HFE BERRIES,26-015-HFEB,4700004502-6,GONZALO, CARFIA ,SUSTRATOS,FIBRA DE COCO,S-HFEB,,20.00,UN,USD,"16,699.68","16,699.68",C/E,FOB,SEA,FCL,SRI LANKA,COLOMBO,CALLAO,1,40 HC,20,PALLET,5/4/2026,5/4/2026,AIRSEALOG,,MSC,,,,,,52,,,,52,SI,,,LIP,,,,,PENDIENTE,PENDIENTE,,,DIRECTO,NA,,,LIP,,52,OLMOS,,52,NA,NA,NA,,4700004502-6,,
2026-2027,PENDIENTE,HFE BERRIES,26-015-HFEB,4700004502-6,GONZALO, CARFIA ,SUSTRATOS,FIBRA DE COCO,S-HFEB,,20.00,UN,USD,"16,699.68","16,699.68",C/E,FOB,SEA,FCL,SRI LANKA,COLOMBO,CALLAO,1,40 HC,20,PALLET,5/4/2026,5/4/2026,AIRSEALOG,,MSC,,,,,,52,,,,52,SI,,,LIP,,,,,PENDIENTE,PENDIENTE,,,DIRECTO,NA,,,LIP,,52,OLMOS,,52,NA,NA,NA,,4700004502-6,,
2026-2027,PENDIENTE,HFE BERRIES,26-015-HFEB,4700004502-6,GONZALO, CARFIA ,SUSTRATOS,FIBRA DE COCO,S-HFEB,,20.00,UN,USD,"16,699.68","16,699.68",C/E,FOB,SEA,FCL,SRI LANKA,COLOMBO,CALLAO,1,40 HC,20,PALLET,5/4/2026,5/4/2026,AIRSEALOG,,MSC,,,,,,52,,,,52,SI,,,LIP,,,,,PENDIENTE,PENDIENTE,,,DIRECTO,NA,,,LIP,,52,OLMOS,,52,NA,NA,NA,,4700004502-6,,
2026-2027,PENDIENTE,HFE BERRIES,26-016-HFEB,4700004502-7,GONZALO, CARFIA ,SUSTRATOS,FIBRA DE COCO,S-HFEB,,20.00,UN,USD,"16,699.68","16,699.68",C/E,FOB,SEA,FCL,SRI LANKA,COLOMBO,CALLAO,1,40 HC,20,PALLET,5/4/2026,5/4/2026,AIRSEALOG,,MSC,,,,,,52,,,,52,SI,,,LIP,,,,,PENDIENTE,PENDIENTE,,,DIRECTO,NA,,,LIP,,52,OLMOS,,52,NA,NA,NA,,4700004502-7,,
2026-2027,PENDIENTE,HFE BERRIES,26-016-HFEB,4700004502-7,GONZALO, CARFIA ,SUSTRATOS,FIBRA DE COCO,S-HFEB,,20.00,UN,USD,"16,699.68","16,699.68",C/E,FOB,SEA,FCL,SRI LANKA,COLOMBO,CALLAO,1,40 HC,20,PALLET,5/4/2026,5/4/2026,AIRSEALOG,,MSC,,,,,,52,,,,52,SI,,,LIP,,,,,PENDIENTE,PENDIENTE,,,DIRECTO,NA,,,LIP,,52,OLMOS,,52,NA,NA,NA,,4700004502-7,,
2026-2027,PENDIENTE,HFE BERRIES,26-016-HFEB,4700004502-7,GONZALO, CARFIA ,SUSTRATOS,FIBRA DE COCO,S-HFEB,,20.00,UN,USD,"16,699.68","16,699.68",C/E,FOB,SEA,FCL,SRI LANKA,COLOMBO,CALLAO,1,40 HC,20,PALLET,5/4/2026,5/4/2026,AIRSEALOG,,MSC,,,,,,52,,,,52,SI,,,LIP,,,,,PENDIENTE,PENDIENTE,,,DIRECTO,NA,,,LIP,,52,OLMOS,,52,NA,NA,NA,,4700004502-7,,
2026-2027,PENDIENTE,HFE BERRIES,26-016-HFEB,4700004502-7,GONZALO, CARFIA ,SUSTRATOS,FIBRA DE COCO,S-HFEB,,20.00,UN,USD,"16,699.68","16,699.68",C/E,FOB,SEA,FCL,SRI LANKA,COLOMBO,CALLAO,1,40 HC,20,PALLET,5/4/2026,5/4/2026,AIRSEALOG,,MSC,,,,,,52,,,,52,SI,,,LIP,,,,,PENDIENTE,PENDIENTE,,,DIRECTO,NA,,,LIP,,52,OLMOS,,52,NA,NA,NA,,4700004502-7,,
2026-2027,PENDIENTE,HFE BERRIES,26-016-HFEB,4700004502-7,GONZALO, CARFIA ,SUSTRATOS,FIBRA DE COCO,S-HFEB,,20.00,UN,USD,"16,699.68","16,699.68",C/E,FOB,SEA,FCL,SRI LANKA,COLOMBO,CALLAO,1,40 HC,20,PALLET,5/4/2026,5/4/2026,AIRSEALOG,,MSC,,,,,,52,,,,52,SI,,,LIP,,,,,PENDIENTE,PENDIENTE,,,DIRECTO,NA,,,LIP,,52,OLMOS,,52,NA,NA,NA,,4700004502-7,,
2026-2027,PENDIENTE,HFE BERRIES,26-017-HFEB,4700004502-8,GONZALO, CARFIA ,SUSTRATOS,FIBRA DE COCO,S-HFEB,,20.00,UN,USD,"16,699.68","16,699.68",C/E,FOB,SEA,FCL,SRI LANKA,COLOMBO,CALLAO,1,40 HC,20,PALLET,5/4/2026,5/4/2026,AIRSEALOG,,MSC,,,,,,52,,,,52,SI,,,LIP,,,,,PENDIENTE,PENDIENTE,,,DIRECTO,NA,,,LIP,,52,OLMOS,,52,NA,NA,NA,,4700004502-8,,
2026-2027,PENDIENTE,HFE BERRIES,26-017-HFEB,4700004502-8,GONZALO, CARFIA ,SUSTRATOS,FIBRA DE COCO,S-HFEB,,20.00,UN,USD,"16,699.68","16,699.68",C/E,FOB,SEA,FCL,SRI LANKA,COLOMBO,CALLAO,1,40 HC,20,PALLET,5/4/2026,5/4/2026,AIRSEALOG,,MSC,,,,,,52,,,,52,SI,,,LIP,,,,,PENDIENTE,PENDIENTE,,,DIRECTO,NA,,,LIP,,52,OLMOS,,52,NA,NA,NA,,4700004502-8,,
2026-2027,PENDIENTE,HFE BERRIES,26-017-HFEB,4700004502-8,GONZALO, CARFIA ,SUSTRATOS,FIBRA DE COCO,S-HFEB,,20.00,UN,USD,"16,699.68","16,699.68",C/E,FOB,SEA,FCL,SRI LANKA,COLOMBO,CALLAO,1,40 HC,20,PALLET,5/4/2026,5/4/2026,AIRSEALOG,,MSC,,,,,,52,,,,52,SI,,,LIP,,,,,PENDIENTE,PENDIENTE,,,DIRECTO,NA,,,LIP,,52,OLMOS,,52,NA,NA,NA,,4700004502-8,,
2026-2027,PENDIENTE,HFE BERRIES,26-017-HFEB,4700004502-8,GONZALO, CARFIA ,SUSTRATOS,FIBRA DE COCO,S-HFEB,,20.00,UN,USD,"16,699.68","16,699.68",C/E,FOB,SEA,FCL,SRI LANKA,COLOMBO,CALLAO,1,40 HC,20,PALLET,5/4/2026,5/4/2026,AIRSEALOG,,MSC,,,,,,52,,,,52,SI,,,LIP,,,,,PENDIENTE,PENDIENTE,,,DIRECTO,NA,,,LIP,,52,OLMOS,,52,NA,NA,NA,,4700004502-8,,
2026-2027,PENDIENTE,HFE BERRIES,26-017-HFEB,4700004502-8,GONZALO, CARFIA ,SUSTRATOS,FIBRA DE COCO,S-HFEB,,20.00,UN,USD,"16,699.68","16,699.68",C/E,FOB,SEA,FCL,SRI LANKA,COLOMBO,CALLAO,1,40 HC,20,PALLET,5/4/2026,5/4/2026,AIRSEALOG,,MSC,,,,,,52,,,,52,SI,,,LIP,,,,,PENDIENTE,PENDIENTE,,,DIRECTO,NA,,,LIP,,52,OLMOS,,52,NA,NA,NA,,4700004502-8,,
2026-2027,PENDIENTE,HFE BERRIES,26-018-HFEB,4700004502-9,GONZALO, CARFIA ,SUSTRATOS,FIBRA DE COCO,S-HFEB,,20.00,UN,USD,"16,699.68","16,699.68",C/E,FOB,SEA,FCL,SRI LANKA,COLOMBO,CALLAO,1,40 HC,20,PALLET,5/4/2026,5/4/2026,AIRSEALOG,,MSC,,,,,,52,,,,52,SI,,,LIP,,,,,PENDIENTE,PENDIENTE,,,DIRECTO,NA,,,LIP,,52,OLMOS,,52,NA,NA,NA,,4700004502-9,,
2026-2027,PENDIENTE,HFE BERRIES,26-018-HFEB,4700004502-9,GONZALO, CARFIA ,SUSTRATOS,FIBRA DE COCO,S-HFEB,,20.00,UN,USD,"16,699.68","16,699.68",C/E,FOB,SEA,FCL,SRI LANKA,COLOMBO,CALLAO,1,40 HC,20,PALLET,5/4/2026,5/4/2026,AIRSEALOG,,MSC,,,,,,52,,,,52,SI,,,LIP,,,,,PENDIENTE,PENDIENTE,,,DIRECTO,NA,,,LIP,,52,OLMOS,,52,NA,NA,NA,,4700004502-9,,
2026-2027,PENDIENTE,HFE BERRIES,26-018-HFEB,4700004502-9,GONZALO, CARFIA ,SUSTRATOS,FIBRA DE COCO,S-HFEB,,20.00,UN,USD,"16,699.68","16,699.68",C/E,FOB,SEA,FCL,SRI LANKA,COLOMBO,CALLAO,1,40 HC,20,PALLET,5/4/2026,5/4/2026,AIRSEALOG,,MSC,,,,,,52,,,,52,SI,,,LIP,,,,,PENDIENTE,PENDIENTE,,,DIRECTO,NA,,,LIP,,52,OLMOS,,52,NA,NA,NA,,4700004502-9,,
2026-2027,PENDIENTE,HFE BERRIES,26-018-HFEB,4700004502-9,GONZALO, CARFIA ,SUSTRATOS,FIBRA DE COCO,S-HFEB,,20.00,UN,USD,"16,699.68","16,699.68",C/E,FOB,SEA,FCL,SRI LANKA,COLOMBO,CALLAO,1,40 HC,20,PALLET,5/4/2026,5/4/2026,AIRSEALOG,,MSC,,,,,,52,,,,52,SI,,,LIP,,,,,PENDIENTE,PENDIENTE,,,DIRECTO,NA,,,LIP,,52,OLMOS,,52,NA,NA,NA,,4700004502-9,,
2026-2027,PENDIENTE,HFE BERRIES,26-018-HFEB,4700004502-9,GONZALO, CARFIA ,SUSTRATOS,FIBRA DE COCO,S-HFEB,,20.00,UN,USD,"16,699.68","16,699.68",C/E,FOB,SEA,FCL,SRI LANKA,COLOMBO,CALLAO,1,40 HC,20,PALLET,5/4/2026,5/4/2026,AIRSEALOG,,MSC,,,,,,52,,,,52,SI,,,LIP,,,,,PENDIENTE,PENDIENTE,,,DIRECTO,NA,,,LIP,,52,OLMOS,,52,NA,NA,NA,,4700004502-9,,
2026-2027,PENDIENTE,HF PERU,Pendiente,4700004173,GERMAN, GREMON ,EQP & INST,SENSORES,-,,1.00,UN,EUR,"1,250.00","1,475.00",0,EXW,AIR,AIR,HUNGRIA,,LIMA,NA,NA,,CAJA,,,,,,,,,,,52,,,,52,SI,,,LIP,,,,,NA,NA,,,,,,,,,52,,,52,,,,,4700004173,,
2026-2027,PENDIENTE,HFE BERRIES,Pendiente,4700004523,SEBASTIAN, A&B ,SPAREPARTS,REPUESTOS VARIOS,-,1285,9.00,UN,USD,"2,683.61","2,683.61",0,EXW,AIR,AIR,USA,MIAMI,LIMA,NA,NA,,CAJA,,,,,,,,,,,52,,,,52,SI,,,LIP,,,,,NA,NA,,,,,,,,,52,,,52,,,,,4700004523,,
2026-2027,PENDIENTE,HF PERU,Pendiente,4700004643,KELY, A&B ,SPAREPARTS,REPUESTOS VARIOS,-,1333,3.00, UN ,USD,"2,297.69","2,297.69",0,EXW,AIR,AIR,USA,MIAMI,LIMA,NA,NA,,CAJA,,,,,,,,,,,52,,,,52,SI,,,LIP,,,,,NA,NA,,,,,,,,,52,,,52,,,,,4700004643,,
2026-2027,PENDIENTE,HF PERU,Pendiente,4700004633,GONZALO, SMARTPACK ,SPAREPARTS,REPUESTOS VARIOS,-,,50.00,UN,USD,"1,597.00","1,597.00",30,EXW,AIR,AIR,CHILE,SANTIAGO,LIMA,NA,NA,,CAJA,,,,,,,,,,,52,,,,52,SI,,,LIP,,,,,NA,NA,,,,,,,,,52,,,52,,,,,4700004633,,
2026-2027,PENDIENTE,HF PERU,Pendiente,4700004629,GONZALO, SMARTPACK ,SPAREPARTS,REPUESTOS VARIOS,-,,209.00,UN,USD,"37,124.00","37,124.00",30,EXW,AIR,AIR,CHILE,SANTIAGO,LIMA,NA,NA,,CAJA,,,,,,,,,,,52,,,,52,SI,,,LIP,,,,,NA,NA,,,,,,,,,52,,,52,,,,,4700004629,,
