,ESTADO,REF,Importador,OC,BUYER,Proveedor,TIPO PROD,PRODUCTO,FT,CANT,UN,USD,EUR,Valor Final USD,Forma de Pago ,INCOTERM,MODE,TYPE,POD,POL,CTNR TYPE,CTNR QTY,PQ,AGENTE DE CARGA,NAVIERA / AEROLINEA,B/L- AWB,NAVE,ETD,ETA,WEEK,SEGURO HPER,ASEGURADORA,POLIZA PROFORMA  NRO,Días Libres Sobrestadía,Dias libres Almacenaje,DIRECCIONAMIENTO,DEPOT,AG. ADUANA,Orden,Solicitud Proforma,Solicitud Pago,Pago Proforma,Fecha Numeración,DAM,Canal,Fecha Levante,Fecha de Retiro y Entrega Agersa,Lugar Entrega,Transporte,Fecha Entrega Trux,Envío de Provisión,Fecha Liquidación,Fecha Envío Archivo,Observaciones,,,,,,,,,,,,,,,,,,
,ARCHIVADA,20-082-HPER,HORTIFRUT-PERU SAC,4700001807,OMAR QUISPE,HORTIFRUT CHILE S.A.,PLANTAS,ROCIO - REPOSICION,9658,"77,995",UN,"$221,505.80",€ 0.00,"$221,505.80",60 días,CPT,AIR,AIR,SANTIAGO,LIMA,-,-,6,DIRECTO,KOREAN AIR,180-49571292,-,24/8/2020,24/8/2020,35,SI,,223038885,-,-,-,TALMA,AVM,696,31-jul,30-jul,24-ago,25-ago,235-2020-10-110635,Rojo,26-ago,27-ago,CHAO,AVM,27-ago,,1-sept,28-mar,LIQUIDACION PARCIAL 01/SET. LIQUIDACION CPB 278 SOLES 22/DIC,,,,,,,,,,,,,,,,,,
,ARCHIVADA,20-082-HPER,HORTIFRUT-PERU SAC,4700001808,OMAR QUISPE,HORTIFRUT CHILE S.A.,PLANTAS,ROCIO,9659,"22,005",UN,"$62,934.30",€ 0.00,"$62,934.30",60 días,CPT,AIR,AIR,SANTIAGO,LIMA,-,-,6,DIRECTO,KOREAN AIR,180-49571292,-,24/8/2020,24/8/2020,35,SI,,223038885,-,-,-,TALMA,AVM,696,31-jul,30-jul,24-ago,25-ago,235-2020-10-110635,Rojo,26-ago,27-ago,CHAO,AVM,27-ago,,1-sept,28-mar,LIQUIDACION PARCIAL 01/SET. LIQUIDACION CPB 278 SOLES 22/DIC,,,,,,,,,,,,,,,,,,
,ARCHIVADA,20-082-HPER,HORTIFRUT-PERU SAC,4700001808,OMAR QUISPE,HORTIFRUT CHILE S.A.,PLANTAS,KESTREL,9659,"55,000",UN,"$118,800.00",€ 0.00,"$118,800.00",60 días,CPT,AIR,AIR,SANTIAGO,LIMA,-,-,6,DIRECTO,KOREAN AIR,180-49571292,-,24/8/2020,24/8/2020,35,SI,,223038885,-,-,-,TALMA,AVM,696,31-jul,30-jul,24-ago,25-ago,235-2020-10-110635,Rojo,26-ago,27-ago,CHAO,AVM,27-ago,,1-sept,28-mar,LIQUIDACION PARCIAL 01/SET. LIQUIDACION CPB 278 SOLES 22/DIC,,,,,,,,,,,,,,,,,,
,ARCHIVADA,20-089-HPER,HORTIFRUT-PERU SAC,4700001816,OMAR QUISPE,HORTIFRUT CHILE S.A.,PLANTAS,ROCIO,9682,"91,471",UN,"$259,777.64",€ 0.00,"$259,777.64",60 días,CPT,AIR,AIR,SANTIAGO,LIMA,-,-,3,DIRECTO,KOREAN AIR,180-49608425,-,31/8/2020,31/8/2020,36,SI,,223056357,-,-,-,TALMA,AVM,705,28-ago,30-jul,3-ago,,,Rojo,,6-sept,CHAO,AVM,7-sept,,17-sept,28-mar,"LIQUIDACION PARCIAL 17/SET, CPB 30/SET. ",,,,,,,,,,,,,,,,,,
,ARCHIVADA,20-098-HPER,HORTIFRUT-PERU SAC,4700001828,OMAR QUISPE,HORTIFRUT CHILE S.A.,PLANTAS,KESTREL,9723,"93,600",UN,"$202,176.00",€ 0.00,"$202,176.00",60 días,CPT,AIR,AIR,SANTIAGO,LIMA,-,-,3,DIRECTO,KOREAN AIR,180-49949200,-,28/9/2020,28/9/2020,40,SI,,223126618,-,-,-,TALMA,AVM,833,18-sept,,,,,,,1-oct,,AVM,2-oct,5-oct,30-oct,28-mar,LIQUIDACION PARCIAL 30/OCT,,,,,,,,,,,,,,,,,,
,ARCHIVADA,20-099-HPER,HORTIFRUT-PERU SAC,4700001829,OMAR QUISPE,HORTIFRUT CHILE S.A.,PLANTAS,KESTREL,9755,"60,000",UN,"$129,600.00",€ 0.00,"$129,600.00",60 días,CPT,AIR,AIR,SANTIAGO,LIMA,-,-,2,DIRECTO,KOREAN AIR,180-49949970,-,5/10/2020,5/10/2020,41,SI,,223379032,-,-,-,TALMA,AVM,871,2-oct,,5-oct,,,Rojo,,8-oct,CHAO,AVM,9-oct,9-oct,30-oct,28-mar,LIQUIDACION PARCIAL 30/OCT.  CPB 278 SOLES 22/DIC,,,,,,,,,,,,,,,,,,
,ARCHIVADA,20-101-HPER,HORTIFRUT-PERU SAC,4700001787,JOSE RIVERA,COMERCIAL PROJAR SA,SUSTRATOS,TURBA BLEND 040,FRCLP-20-00491,132,BOLSAS,$0.00,"€ 23,232.00","$23,232.00",30 días,CIF,SEA,FCL/FCL,RIGA,CALLAO,40HC,6,132,DIRECTO,MSC,MEDUNC432733,MSC SHUBA B,5/9/2020,8/10/2020,41,NO,,-,21,30,2-oct,TPP,AVM,859,29-sept,,5-oct,,,,,26-oct,,AGERSA,,,30-oct,28-mar,LIQUIDACION PARCIAL 30/OCT. CPB 798 SOLES 22/DIC,,,,,,,,,,,,,,,,,,
,ARCHIVADA,20-102-HPER,HORTIFRUT-PERU SAC,4700001787,JOSE RIVERA,COMERCIAL PROJAR SA,SUSTRATOS,TURBA BLEND 040,FRCLP-20-00498,132,BOLSAS,$0.00,"€ 23,232.00","$23,232.00",30 días,CIF,SEA,FCL/FCL,RIGA,CALLAO,40HC,6,132,DIRECTO,MSC,MEDUNC435652,MSC SHUBA B,5/9/2020,8/10/2020,41,NO,,-,21,30,2-oct,TPP,AVM,861,29-sept,,5-oct,,,,,28-oct,,AGERSA,,,30-oct,28-mar,LIQUIDACION PARCIAL 30/OCT.  CPB 920 SOLES 22/dic,,,,,,,,,,,,,,,,,,
,ARCHIVADA,20-109-HPER,HORTIFRUT-PERU SAC,4700001839,OMAR QUISPE,HORTIFRUT CHILE S.A.,PLANTAS,KESTREL,9781,"50,000",UN,"$108,000.00",€ 0.00,"$108,000.00",60 días,CPT,AIR,AIR,SANTIAGO,LIMA,-,-,2,DIRECTO,KOREAN AIR,180-49950913,-,12/10/2020,12/10/2020,42,SI,POSITIVA,223400594,-,-,-,TALMA,AVM,883,,,,,,,,15-oct,,AVM,,,30-oct,28-mar,"LIQUIDACION PARCIAL 30/OCT, CPB 278 SOLES 04/01/21",,,,,,,,,,,,,,,,,,
,ARCHIVADA,20-110-HPER,HORTIFRUT-PERU SAC,4700001845,OMAR QUISPE,HORTIFRUT CHILE S.A.,PLANTAS,KESTREL,9813,"60,000",UN,"$130,800.00",€ 0.00,"$130,800.00",60 días,CPT,AIR,AIR,SANTIAGO,LIMA,-,-,2,DIRECTO,KOREAN AIR,180-49951156,-,19/10/2020,19/10/2020,43,SI,POSITIVA,223413919,-,-,,TALMA,AVM,920,,,,,,Rojo,,21-oct,,AVM,,,30-oct,28-mar,"LIQUIDACION PARCIAL 30/OCT, CPB 278 SOLES 19/MAR",,,,,,,,,,,,,,,,,,
,ARCHIVADA,20-110-HPER,HORTIFRUT-PERU SAC,4700001845,OMAR QUISPE,HORTIFRUT CHILE S.A.,PLANTAS,DIVINE,9813,"37,000",UN,"$51,985.00",€ 0.00,"$51,985.00",60 días,CPT,AIR,AIR,SANTIAGO,LIMA,-,-,2,DIRECTO,KOREAN AIR,180-49951156,-,19/10/2020,19/10/2020,43,SI,POSITIVA,223413919,-,-,,TALMA,AVM,920,,,,,,Rojo,,21-oct,,AVM,,,30-oct,28-mar,LIQUIDACION PARCIAL 30/OCT. PENDIENTE CPB 278 SOLES ,,,,,,,,,,,,,,,,,,
,ARCHIVADA,20-111-HPER,HORTIFRUT-PERU SAC,4700001867,OMAR QUISPE,HORTIFRUT CHILE S.A.,PLANTAS,KESTREL,9938,"270,000",UN,"$588,600.00",€ 0.00,"$588,600.00",60 días,CPT,AIR,AIR,SANTIAGO,LIMA,-,-,2,DIRECTO,KOREAN AIR,180-49953993,-,9/11/2020,9/11/2020,46,SI,LA POSITIVA,,-,-,,TALMA,AVM,980,,,,,,,,13-nov,,AVM,,,25-nov,28-mar,LIQUIDACION PARCIAL 25/NOV. CPB 278 SOLES 27/ENE,,,,,,,,,,,,,,,,,,
,ARCHIVADA,20-112-HPER,HORTIFRUT-PERU SAC,4700001878 - 4700001879 - 4700001880,OMAR QUISPE,HORTIFRUT CHILE S.A.,PLANTAS,KESTREL,10067,"91,945",UN,"$200,440.10",€ 0.00,"$200,440.10",60 días,CPT,AIR,AIR,SANTIAGO,LIMA,-,-,2,DIRECTO,KOREAN AIR,180-49952630,-,30/11/2020,30/11/2020,49,SI,LA POSITIVA, 223521474,-,-,-,TALMA,AVM,1055,30-nov,1-dic,1-dic,1-dic,235-2020-10-162829-01-0-00,ROJO,4-dic,9-dic,OLMOS,AVM,10-dic,-,21-dic,28-mar,LIQUI PARCIAL 21/DIC. CPB S/ 366 27/ENE,,,,,,,,,,,,,,,,,,
,ARCHIVADA,20-112-HPER,HORTIFRUT-PERU SAC,4700001878 - 4700001879 - 4700001880,OMAR QUISPE,HORTIFRUT CHILE S.A.,PLANTAS,KESTREL - REPOSICION,10068,"43,055",UN,"$93,859.90",€ 0.00,"$93,859.90",60 días,CPT,AIR,AIR,SANTIAGO,LIMA,-,-,2,DIRECTO,KOREAN AIR,180-49952630,-,30/11/2020,30/11/2020,49,SI,LA POSITIVA, 223521474,-,-,-,TALMA,AVM,1055,30-nov,1-dic,1-dic,1-dic,235-2020-10-162829-01-0-00,ROJO,4-dic,9-dic,OLMOS,AVM,10-dic,-,21-dic,28-mar,LIQUI PARCIAL 21/DIC. CPB S/ 366 27/ENE,,,,,,,,,,,,,,,,,,
,ARCHIVADA,20-112-HPER,HORTIFRUT-PERU SAC,4700001878 - 4700001879 - 4700001880,OMAR QUISPE,HORTIFRUT CHILE S.A.,PLANTAS,SELECCIONES AVANZADAS,10069,590,UN,$708.00,€ 0.00,$708.00,60 días,CPT,AIR,AIR,SANTIAGO,LIMA,-,-,2,DIRECTO,KOREAN AIR,180-49952630,-,30/11/2020,30/11/2020,49,SI,LA POSITIVA, 223521474,-,-,-,TALMA,AVM,1055,30-nov,1-dic,1-dic,1-dic,235-2020-10-162829-01-0-00,ROJO,4-dic,9-dic,OLMOS,AVM,10-dic,-,21-dic,28-mar,LIQUI PARCIAL 21/DIC. CPB S/ 366 27/ENE,,,,,,,,,,,,,,,,,,
,ARCHIVADA,20-114-HPER,HORTIFRUT-PERU SAC,4700001761,RENE RAMIREZ,FASTIK LABEL AND SUPPLY INC,MATERIAL DE EMPAQUE,FILM PUNNET PET 11OZ 5X7,93284,"354,750",UN,"$17,106.05",€ 0.00,"$17,106.05",140 DÍAS,EXW,SEA,LCL/LCL,MIAMI,CALLAO,-,-,3,CH ROBINSON,AIR CANADA,336159058MIA,-,14/10/2020,15/10/2020,42,SI,LA POSITIVA,,,,,TALMA,AVM,915,14-oct,15-oct,,14-oct,,ROJO,,20-oct,SALAVERRY,AGERSA,23-oct,,30-oct,28-mar,-,,,,,,,,,,,,,,,,,,
,ARCHIVADA,20-115-HPER,HORTIFRUT-PERU SAC,4700001835,JOSE RIVERA,BIO-FEED SA,EQUIPO E INSTRUMENTACION,BIORECTOR,3,1,UN,"$6,300.00",€ 0.00,"$6,300.00",Contado,EXW,SEA,LCL/LCL,SAN ANTONIO,CALLAO,-,-,2,AIR SEA LOG,MSL,S00002378,CARTAGENA EXPRESS,20/11/2020,24/11/2020,48,SI,LA POSITIVA,,-,30,-,NEPTUNIA,AVM,1022,,,23-nov,20-nov,118-2020-10-394135-01-4-00,Verde,,28-nov,CHAO,AGERSA,,-,21-dic,28-mar,-,,,,,,,,,,,,,,,,,,
,ARCHIVADA,20-116-HTAL,HORTIFRUT-TAL SAC,4700001834,JOSE RIVERA,BIO-FEED SA,EQUIPO E INSTRUMENTACION,BIORECTOR,2,1,UN,"$6,300.00",€ 0.00,"$6,300.00",Contado,EXW,SEA,LCL/LCL,SAN ANTONIO,CALLAO,-,-,2,AIR SEA LOG,MSL,S00002377,CARTAGENA EXPRESS,20/11/2020,24/11/2020,48,SI,LA POSITIVA,,,,,NEPTUNIA,AVM,1023,,,,,,Verde,,28-nov,,AGERSA,,-,21-dic,28-mar,-,,,,,,,,,,,,,,,,,,
,ARCHIVADA,20-117-HPER,HORTIFRUT-PERU SAC,4700001821,RENE RAMIREZ,FABRICA DE PLASTICOS J.C.K. SPA,MATERIAL DE EMPAQUE,PUNNET CESTA PET UK 150g,439,"820,125",UN,"$21,323.25",€ 0.00,"$21,323.25",90 días,FOB,SEA,FCL/FCL,SAN ANTONIO,CALLAO,40HC,1,,AIR SEA LOG,CMA CGM,S00001992,GUAYAQUIL EXPRESS,30/10/2020,2/11/2020,45,SI,SICHER,,,,,,AVM,967,,,,,,,,,,AGERSA,10-nov,,25-nov,28-mar,-,,,,,,,,,,,,,,,,,,
,ARCHIVADA,20-117-HPER,HORTIFRUT-PERU SAC,4700001840,RENE RAMIREZ,FABRICA DE PLASTICOS J.C.K. SPA,MATERIAL DE EMPAQUE,PUNNET PET 11OZ 5X7,439,"544,320",UN,"$41,205.02",€ 0.00,"$41,205.02",90 días,FOB,SEA,FCL/FCL,SAN ANTONIO,CALLAO,40HC,1,692,AIR SEA LOG,CMA CGM,S00001992,GUAYAQUIL EXPRESS,30/10/2020,2/11/2020,45,SI,SICHER,,,,,,AVM,967,,,,,,,,,,AGERSA,10-nov,,25-nov,28-mar,-,,,,,,,,,,,,,,,,,,
,ARCHIVADA,20-118-HPER,HORTIFRUT-PERU SAC,4700001865,RENE RAMIREZ,FABRICA DE PLASTICOS J.C.K. SPA,MATERIAL DE EMPAQUE,PUNNET PET 11OZ 5X7,451,"250,560",UN,"$18,967.39",€ 0.00,"$18,967.39",90 días,FOB,SEA,FCL/FCL,SAN ANTONIO,CALLAO,40HC,1,,AIR SEA LOG,CMA CGM,S00002642,VALPARAISO EXPRESS,27/11/2020,30/11/2020,49,SI,SICHER,-,15,30,30-nov,IMUPESA,AVM,1052,30-nov,1-dic,1-dic,28-nov,118-2020-10-405792-01-2-00,Verde,,4-dic,SALAVERRY,AGERSA,5-dic,9-dic,22-dic,28-mar,"LIQUI PARCIAL 22/DIC, VACIO UNIMAR USD 189.50 04/01/21",,,,,,,,,,,,,,,,,,
,ARCHIVADA,20-118-HPER,HORTIFRUT-PERU SAC,4700001865,RENE RAMIREZ,FABRICA DE PLASTICOS J.C.K. SPA,MATERIAL DE EMPAQUE,PUNNET CESTA PET UK 150g -JCK,451,"409,455",UN,"$10,645.83",€ 0.00,"$10,645.83",90 días,FOB,SEA,FCL/FCL,SAN ANTONIO,CALLAO,40HC,1,,AIR SEA LOG,CMA CGM,S00002642,VALPARAISO EXPRESS,27/11/2020,30/11/2020,49,SI,SICHER,-,15,30,30-nov,IMUPESA,AVM,1052,30-nov,1-dic,1-dic,28-nov,118-2020-10-405792-01-2-00,Verde,,4-dic,SALAVERRY,AGERSA,5-dic,9-dic,22-dic,28-mar,"LIQUI PARCIAL 22/DIC, VACIO UNIMAR USD 189.50 04/01/21",,,,,,,,,,,,,,,,,,
,ARCHIVADA,20-119-HPER,HORTIFRUT-PERU SAC,4700001842,OMAR QUISPE,PROMISOL SA,AGROQUIMICOS,PROMICALFOR,20469,"13,000",KGS,$0.00,"€ 48,100.00","$48,100.00",90 días,CIF,SEA,FCL/FCL,BARCELONA,CALLAO,40ST,3,,DIRECTO,CMA CGM,IBC0654219,CALLAO EXPRESS,27/10/2020,3/12/2020,49,NO,-,-,,30,,IMUPESA,AVM,1033,23-nov,2-nov,1-dic,,,,,,,,,,26-ene,28-mar,,,,,,,,,,,,,,,,,,,
,ARCHIVADA,20-119-HPER,HORTIFRUT-PERU SAC,4700001842,OMAR QUISPE,PROMISOL SA,AGROQUIMICOS,MUCIGEL,20469,"5,000",KGS,$0.00,"€ 45,000.00","$45,000.00",90 días,CIF,SEA,FCL/LCL,BARCELONA,CALLAO,20ST,1.5,,DIRECTO,CMA CGM,IBC0654219,CALLAO EXPRESS,31/10/2020,3/12/2020,49,NO,-,-,,30,,IMUPESA,AVM,1033,23-nov,2-nov,1-dic,,,,,,,,,,26-ene,28-mar,,,,,,,,,,,,,,,,,,,
,ARCHIVADA,20-119-HPER,HORTIFRUT-PERU SAC,4700001842,OMAR QUISPE,PROMISOL SA,AGROQUIMICOS,PROMI FERTIL MIX,20469,"19,000",LTS,$0.00,"€ 96,900.00","$96,900.00",90 días,CIF,SEA,FCL/LCL,BARCELONA,CALLAO,20ST,-,,DIRECTO,CMA CGM,IBC0654219,CALLAO EXPRESS,31/10/2020,3/12/2020,49,NO,-,-,,30,,IMUPESA,AVM,1033,23-nov,2-nov,1-dic,,,,,,,,,,26-ene,28-mar,,,,,,,,,,,,,,,,,,,
,ARCHIVADA,20-119-HPER,HORTIFRUT-PERU SAC,4700001842,OMAR QUISPE,PROMISOL SA,AGROQUIMICOS,CYTO FLOW AMIN,20469,"3,260",KGS,$0.00,"€ 35,729.60","$35,729.60",90 días,CIF,SEA,FCL/LCL,BARCELONA,CALLAO,20ST,-,,DIRECTO,CMA CGM,IBC0654219,CALLAO EXPRESS,31/10/2020,3/12/2020,49,NO,-,-,,30,,IMUPESA,AVM,1033,23-nov,2-nov,1-dic,,,,,,,,,,26-ene,28-mar,,,,,,,,,,,,,,,,,,,
,ARCHIVADA,20-119-HPER,HORTIFRUT-PERU SAC,4700001842,OMAR QUISPE,PROMISOL SA,AGROQUIMICOS,CYTOLAN,20469,"2,800",KGS,$0.00,"€ 35,700.00","$35,700.00",90 días,CIF,SEA,FCL/LCL,BARCELONA,CALLAO,20ST,-,,DIRECTO,CMA CGM,IBC0654219,CALLAO EXPRESS,31/10/2020,3/12/2020,49,NO,-,-,,30,,IMUPESA,AVM,1033,23-nov,2-nov,1-dic,,,,,,,,,,26-ene,28-mar,,,,,,,,,,,,,,,,,,,
,ARCHIVADA,20-120-HTAL,HORTIFRUT-TAL SAC,4700001843,OMAR QUISPE,PROMISOL SA,AGROQUIMICOS,MUCIGEL,20468,"8,000",KGS,$0.00,"€ 72,000.00","$72,000.00",90 días,CIF,SEA,FCL/FCL,BARCELONA,CALLAO,40ST,2,,DIRECTO,CMA CGM,IBC0654218,CALLAO EXPRESS,31/10/2020,3/12/2020,49,NO,-,-,,30,,IMUPESA,AVM,1034,23-nov,2-nov,1-dic,,,,,,,,,,26-ene,28-mar,"LIQUI PARCIAL 26/ENE, GASTO ADM IMUPESA USD 30 + IGV 22/MAR",,,,,,,,,,,,,,,,,,
,ARCHIVADA,20-120-HTAL,HORTIFRUT-TAL SAC,4700001843,OMAR QUISPE,PROMISOL SA,AGROQUIMICOS,PROMI FERTIL MIX,20468,"14,000",LTS,$0.00,"€ 71,400.00","$71,400.00",90 días,CIF,SEA,FCL/LCL,BARCELONA,CALLAO,20ST,1.5,,DIRECTO,CMA CGM,IBC0654218,CALLAO EXPRESS,31/10/2020,3/12/2020,49,NO,-,-,,30,,IMUPESA,AVM,1034,23-nov,2-nov,1-dic,,,,,,,,,,26-ene,28-mar,"LIQUI PARCIAL 26/ENE, GASTO ADM IMUPESA USD 30 + IGV 22/MAR",,,,,,,,,,,,,,,,,,
,ARCHIVADA,20-120-HTAL,HORTIFRUT-TAL SAC,4700001843,OMAR QUISPE,PROMISOL SA,AGROQUIMICOS,CYTO FLOW AMIN,20468,"2,200",KGS,$0.00,"€ 24,112.00","$24,112.00",90 días,CIF,SEA,FCL/LCL,BARCELONA,CALLAO,20ST,-,,DIRECTO,CMA CGM,IBC0654218,CALLAO EXPRESS,31/10/2020,3/12/2020,49,NO,-,-,,30,,IMUPESA,AVM,1034,23-nov,2-nov,1-dic,,,,,,,,,,26-ene,28-mar,"LIQUI PARCIAL 26/ENE, GASTO ADM IMUPESA USD 30 + IGV 22/MAR",,,,,,,,,,,,,,,,,,
,ARCHIVADA,20-120-HTAL,HORTIFRUT-TAL SAC,4700001843,OMAR QUISPE,PROMISOL SA,AGROQUIMICOS,CYTOLAN,20468,"1,920",KGS,$0.00,"€ 24,480.00","$24,480.00",90 días,CIF,SEA,FCL/LCL,BARCELONA,CALLAO,20ST,-,,DIRECTO,CMA CGM,IBC0654218,CALLAO EXPRESS,31/10/2020,3/12/2020,49,NO,-,-,,30,,IMUPESA,AVM,1034,23-nov,2-nov,1-dic,,,,,,,,,,26-ene,28-mar,"LIQUI PARCIAL 26/ENE, GASTO ADM IMUPESA USD 30 + IGV 22/MAR",,,,,,,,,,,,,,,,,,
,ARCHIVADA,20-121-HTAL,HORTIFRUT-TAL SAC,4500925186,JOSE RIVERA,UNITEC CHILE S.P.A,REPUESTOS DE MANTENIMIENTO,Port rodillo Unical 222 UNITEC,-,"2,000",UN,"$14,260.00",€ 0.00,"$14,260.00",160 DÍAS,EXW,AIR,AIR,GENOVA,LIMA,-,-,,DHL,DHL,3484577935,-,16/10/2020,19/10/2020,43,NO,-,,,,,,AVM,,,,,,,,,,,,,,11-nov,28-mar,-,,,,,,,,,,,,,,,,,,
,ARCHIVADA,20-122-BERR,BERRIES DE CHAO SAC,4700001844,OMAR QUISPE,PROMISOL SA,AGROQUIMICOS,MUCIGEL,20470,"1,000",KGS,$0.00,"€ 9,000.00","$9,000.00",90 días,CIF,SEA,FCL/LCL,BARCELONA,CALLAO,20ST,1,,DIRECTO,CMA CGM,IBC0649073,CALLAO EXPRESS,31/10/2020,3/12/2020,49,NO,-,-,,30,,IMUPESA,AVM,1035,23-nov,2-nov,1-dic,,,,,,,,,,26-ene,28-mar,,,,,,,,,,,,,,,,,,,
,ARCHIVADA,20-122-BERR,BERRIES DE CHAO SAC,4700001844,OMAR QUISPE,PROMISOL SA,AGROQUIMICOS,PROMI FERTIL MIX,20470,"1,260",LTS,$0.00,"€ 6,426.00","$6,426.00",90 días,CIF,SEA,FCL/LCL,BARCELONA,CALLAO,20ST,-,,DIRECTO,CMA CGM,IBC0649073,CALLAO EXPRESS,31/10/2020,3/12/2020,49,NO,-,-,,30,,IMUPESA,AVM,1035,23-nov,2-nov,1-dic,,,,,,,,,,26-ene,28-mar,,,,,,,,,,,,,,,,,,,
,ARCHIVADA,20-122-BERR,BERRIES DE CHAO SAC,4700001844,OMAR QUISPE,PROMISOL SA,AGROQUIMICOS,CYTO FLOW AMIN,20470,260,KGS,$0.00,"€ 2,849.60","$2,849.60",90 días,CIF,SEA,FCL/LCL,BARCELONA,CALLAO,20ST,-,,DIRECTO,CMA CGM,IBC0649073,CALLAO EXPRESS,31/10/2020,3/12/2020,49,NO,-,-,,30,,IMUPESA,AVM,1035,23-nov,2-nov,1-dic,,,,,,,,,,26-ene,28-mar,,,,,,,,,,,,,,,,,,,
,ARCHIVADA,20-122-BERR,BERRIES DE CHAO SAC,4700001844,OMAR QUISPE,PROMISOL SA,AGROQUIMICOS,CYTOLAN,20470,180,KGS,$0.00,"€ 2,295.00","$2,295.00",90 días,CIF,SEA,FCL/LCL,BARCELONA,CALLAO,20ST,-,,DIRECTO,CMA CGM,IBC0649073,CALLAO EXPRESS,31/10/2020,3/12/2020,49,NO,-,-,,30,,IMUPESA,AVM,1035,23-nov,2-nov,1-dic,,,,,,,,,,26-ene,28-mar,,,,,,,,,,,,,,,,,,,
,ARCHIVADA,20-123-HPER,HORTIFRUT-PERU SAC,4700001830,OMAR QUISPE,EDEN MODERN AGRICULTURE S.L.,AGROQUIMICOS,DISPER CHLOROPHYL,1271 / 2020,"1,000",KGS,$0.00,"€ 25,410.00","$25,410.00",60 días,EXW,SEA,LCL/LCL,BARCELONA,CALLAO,-,-,2,AIR SEA LOG,VANGUARD,ASLP00170 ,SANTOS EXPRESS,14/11/2020,10/12/2020,50,SI,LA POSITIVA,223527839,-,30,-,VILLAS OQUENDO,AVM,1079,3-dic,1-dic,7-dic,,,Verde,,16-dic,Chao,AGERSA,,,22-dic,28-mar,-,,,,,,,,,,,,,,,,,,
,ARCHIVADA,20-124-HTAL,HORTIFRUT-TAL SAC,4700001831,OMAR QUISPE,EDEN MODERN AGRICULTURE S.L.,AGROQUIMICOS,DISPER CHLOROPHYL,1270 / 2020,940,KGS,$0.00,"€ 23,885.40","$23,885.40",60 días,EXW,SEA,LCL/LCL,BARCELONA,CALLAO,-,-,2,AIR SEA LOG,VANGUARD,ASLP00169,SANTOS EXPRESS,14/11/2020,10/12/2020,50,SI,LA POSITIVA,,-,30,-,VILLAS OQUENDO,AVM,1080,3-dic,1-dic,7-dic,,,Verde,,16-dic,Chao,AGERSA,,,22-dic,28-mar,-,,,,,,,,,,,,,,,,,,
,ARCHIVADA,20-125-HPER,HORTIFRUT-PERU SAC,4700001836,OMAR QUISPE,"AGROQUIMICA CODIAGRO, SL.",AGROQUIMICOS,FITOKONTROL-K,938,"9,000",LTS,$0.00,"€ 17,811.22","$17,811.22",Contado,CIF,SEA,FCL/LCL,VALENCIA,CALLAO,40ST,0.53,9,NOATUM,HAPAG LLOYD,468220,CMA CGM TANYA,24/11/2020,17/12/2020,51,NO,-,-,,,17-dic,IMUPESA,AVM,1118,14-dic,1-dic,,,,,,30-dic,CHAO,Agersa,,,26-ene,28-mar,,,,,,,,,,,,,,,,,,,
,ARCHIVADA,20-126-HTAL,HORTIFRUT-TAL SAC,4700001837,OMAR QUISPE,"AGROQUIMICA CODIAGRO, SL.",AGROQUIMICOS,FITOKONTROL-K,939,"7,000",LTS,$0.00,"€ 13,932.63","$13,932.63",Contado,CIF,SEA,FCL/LCL,VALENCIA,CALLAO,40ST,0.41,7,NOATUM,HAPAG LLOYD,465999,CMA CGM TANYA,24/11/2020,17/12/2020,51,NO,-,-,,,17-dic,IMUPESA,AVM,1119,14-dic,1-dic,,,,,,30-dic,CHAO,Agersa,,,26-ene,28-mar,,,,,,,,,,,,,,,,,,,
,ARCHIVADA,20-127-BERR,BERRIES DE CHAO SAC,4700001838,OMAR QUISPE,"AGROQUIMICA CODIAGRO, SL.",AGROQUIMICOS,FITOKONTROL-K,937,"1,000",LTS,$0.00,"€ 2,296.87","$2,296.87",Contado,CIF,SEA,FCL/LCL,VALENCIA,CALLAO,40ST,0.06,1,NOATUM,HAPAG LLOYD,468221,CMA CGM TANYA,24/11/2020,17/12/2020,51,NO,-,-,,,17-dic,IMUPESA,AVM,1120,14-dic,1-dic,,,,,,30-dic,CHAO,Agersa,,,26-ene,28-mar,,,,,,,,,,,,,,,,,,,
,ARCHIVADA,20-128-HTAL,HORTIFRUT-TAL SAC,4700001846,OMAR QUISPE,COMERCIAL PROJAR SA,SUSTRATOS,TURBA BLEND 1530F,FRCLP-20-00575,220,BOLSAS,$0.00,"€ 43,340.00","$43,340.00",30 días,CIF,SEA,FCL/FCL,RIGA,CALLAO,40HC,11,#¡REF!,DIRECTO,MSC,MEDUNC449786,MSC SHUBA B,5/11/2020,10/12/2020,50,NO,-,-,21,30,9-dic,IMUPESA,AVM,1070,30-nov,1-dic,7-dic,,,,,,,,,,26-ene,28-mar,"LIQUIPARCIAL 26/ENE, CPB 1439 SENASA 09/FEB",,,,,,,,,,,,,,,,,,
,ARCHIVADA,20-129-HTAL,HORTIFRUT-TAL SAC,4700001897,OMAR QUISPE,COMERCIAL PROJAR SA,SUSTRATOS,TURBA BLEND 1530F,FRCLP-20-00579,220,BOLSAS,$0.00,"€ 43,340.00","$43,340.00",30 días,CIF,SEA,FCL/FCL,RIGA,CALLAO,40HC,11,#¡REF!,DIRECTO,MSC,MEDUNC449794,MSC CHLOE,12/11/2020,17/12/2020,51,NO,-,-,21,30,9-dic,IMUPESA,AVM,1074,30-nov,1-dic,,,,,,,,,,,26-ene,28-mar,-,,,,,,,,,,,,,,,,,,
,ARCHIVADA,20-130-HTAL,HORTIFRUT-TAL SAC,4700001847,OMAR QUISPE,ALFARROXO TRADING LTDA,SUSTRATOS,CORTEZA DE PINO 1530,2013,#¡REF!,BOLSAS,$0.00,#¡REF!,#¡REF!,60 días,FOB,SEA,FCL/FCL,LEIXOES,CALLAO,40HC,8,#¡REF!,CH ROBINSON,CMA CGM,CHSL2201630,GUAYAQUIL EXPRESS  ,7/11/2020,24/12/2020,52,SI,LA POSITIVA,223530105,21,30,23-dic,IIMUPESA,AVM,1077,3-dic,1-dic,30-dic,,,Verde,,5-ene,CHAO,AGERSA / TRANSPESA,,,26-ene,28-mar,50% AGERSA / 50% TRANSPESA,,,,,,,,,,,,,,,,,,
,ARCHIVADA,20-131-HPER,HORTIFRUT-PERU SAC,-,RENE RAMIREZ,HORTIFRUT MEXICO SA DE CV,EQUIPO E INSTRUMENTACION,MAQUINA GT6 ,DDJJ,1,UN,"$488,593.00",€ 0.00,"$488,593.00",60 días,FOB,SEA,FCL/FCL,CALLAO,MANZANILLO,40HC,1,,CH ROBINSON,OCCL,2651803040,,14/12/2020,15/12/2020,51,SI,LA POSITIVA,223511500,,,,,AVM,1024,,1-dic,,,,,,,,,,,4-ene,28-mar,-,,,,,,,,,,,,,,,,,,
,ARCHIVADA,20-132-HPER,HORTIFRUT-PERU SAC,4700001881,OMAR QUISPE,HORTIFRUT CHILE S.A.,PLANTAS,KESTREL - REPOSICION,10179,"41,903",UN,"$91,348.54",€ 0.00,"$91,348.54",60 días,CPT,AIR,AIR,SANTIAGO,LIMA,-,-,,DIRECTO,KOREAN AIR,180-49988842,-,14/12/2020,14/12/2020,51,SI,LA POSITIVA,,,-,-,SAASA,AVM,1114,14-dic,-,-,,,,,17-dic,Olmos,RVC,18-dic,,23-dic,28-mar,"LIQUI PARCIAL 23/DIC, CPB 278 SOLES 26/FEB y LA POSITIVA USD 83.63 04/MAR",,,,,,,,,,,,,,,,,,
,ARCHIVADA,20-001-HPER,HORTIFRUT-PERU SAC,4700001496,JOSE RIVERA,CAMPAGNOLA IBERICA,EQUIPO E INSTRUMENTACION,TIJERAS SPEEDY Y STARK M / L,951, 90 ,UN,$0.00,"€ 23,550.00","$23,550.00",,CIF,SEA,LCL/LCL,BARCELONA,CALLAO,-,-,9,INCA LINES SAC,,802019110368,CARTAGENA EXPRESS,7/12/2019,3/1/2020,1,NO,,,,,,VILLAS OQUENDO,AVM,43,,,,,,Verde,,10-ene,CHAO,AGERSA,,,,28-feb,,,,,,,,,,,,,,,,,,,
,ARCHIVADA,20-002-HTAL,HORTIFRUT-TAL SAC,4700001525,JOSE RIVERA,COMERCIAL PROJAR SA,SUSTRATOS,TURBA BLEND 040,FRCLP-19-00757, 126 ,BIG BAGS,$0.00,"€ 21,294.00","$21,294.00",30 días,CIF,SEA,FCL/FCL,ESTONIA,CALLAO,40HC,6,-,DIRECTO,MSC,MEDUH1955333,MSC BIANCA NX952A,20/12/2019,23/1/2020,4,NO,,,21,21,,LICSA,AVM,69,,,,,,Verde,,,CHAO,AGERSA,"2 CTNR 14/FEB
2 CTNR 15/FEB
2 CTNR 17/FEB ",,,28-feb,,,,,,,,,,,,,,,,,,,
,ARCHIVADA,20-003-HTAL,HORTIFRUT-TAL SAC,4700001525,JOSE RIVERA,COMERCIAL PROJAR SA,SUSTRATOS,TURBA BLEND 040,FRCLP-19-00758, 42 ,BIG BAGS,$0.00,"€ 7,476.00","$7,476.00",30 días,CIF,SEA,FCL/FCL,ESTONIA,CALLAO,40HC,8,,DIRECTO,MSC,MEDUH1958287,MSC MARS NX1A,24/12/2029,30/1/2020,5,NO,,,21,30,,IMUPESA,AVM,94,,,,,,Verde,,4 CTNR 18-Feb  4 CTNR 19-Feb ,CHAO,AGERSA,"2 CTNR 19/FEB
4 CTNR 20/FEB
2 CTNR 21/FEB",,,28-feb,,,,,,,,,,,,,,,,,,,
,ARCHIVADA,20-004-HTAL,HORTIFRUT-TAL SAC,4700001525,JOSE RIVERA,COMERCIAL PROJAR SA,SUSTRATOS,TURBA BLEND 040,FRCLP-19-00773, 168 ,BIG BAGS,$0.00,"€ 28,392.00","$28,392.00",30 días,CIF,SEA,FCL/FCL,ESTONIA,PAITA,40HC,2,,DIRECTO,MSC,MEDUH1955341,MINSTREL 004S,20/12/2019,31/1/2020,5,NO,,,21,21,,TPE,AVM,29,,,,,,Verde,,,CHAO,AVM,2 CTNR 12/FEB,,,28-feb,,,,,,,,,,,,,,,,,,,
,ARCHIVADA,20-005-HTAL,HORTIFRUT-TAL SAC,4700001525,JOSE RIVERA,COMERCIAL PROJAR SA,SUSTRATOS,TURBA BLEND 040,FRCLP-20-00010, 189 ,BIG BAGS,$0.00,"€ 31,941.00","$31,941.00",30 días,CIF,SEA,FCL/FCL,ESTONIA,CALLAO,40HC,9,,DIRECTO,MSC,MEDUH1960838,MSC CHLOE,18/1/2020,20/2/2020,8,NO,,,21,30,,IMUPESA,AVM,163,,,,,,Verde,,12-mar,CHAO,AGERSA,2 CTNRS 13/MAR 4 CTNRS 14/MAR 3 CTNRS 16/MAR,,26-mar,5-nov,,,,,,,,,,,,,,,,,,,
,ARCHIVADA,20-006-HPER,HORTIFRUT-PERU SAC,4700001564,RENE RAMIREZ,EUROBERRY MARKETING SA,MATERIAL DE EMPAQUE,BANDEJAS,431/19,5600,UN,$0.00,"€ 1,400.00","$1,680.00",,FOB,SEA,FCL/FCL,Vlissingen,PAITA,40HC,1,,DIRECTO,SEATRADE,SGNVB64VLI909074, LADY ROSEBAY ,11/12/2019,5/1/2020,1,NO,,,,,,TPE,AVM,15,,,,,,Verde,,,CHAO,AVM,21-ene,,,28-feb,,,,,,,,,,,,,,,,,,,
,ARCHIVADA,20-007-HPER,HORTIFRUT-PERU SAC,4700001565,RENE RAMIREZ,EUROBERRY MARKETING SA,MATERIAL DE EMPAQUE,BANDEJAS,420/19,"5,712",UN,$0.00,"€ 1,428.00","$1,713.60",,FOB,SEA,FCL/FCL,DOVER,PAITA,40HC,1,,DIRECTO,SEATRADE,SGNV283DVR915005,ATLANTIC REEFER,2/12/2019,28/12/2019,52,NO,,,,,,TPE,AVM,,,,,,,Verde,,,CHAO,AVM,21-ene,,,28-feb,,,,,,,,,,,,,,,,,,,
,ARCHIVADA,20-008-HPER,HORTIFRUT-PERU SAC,4700001567,RENE RAMIREZ,EUROBERRY MARKETING SA,MATERIAL DE EMPAQUE,BANDEJAS,489/19 ,5712,UN,$0.00,"€ 1,428.00","$1,713.60",60 días,FOB,SEA,FCL/FCL,DOVER,PAITA,40HC,2,,DIRECTO,SEATRADE,SGNV143DVR911002,COLD STREAM,27/12/2019,18/1/2020,3,NO,,,,,,TPE,AVM,27,,,,,,Verde,,,CHAO,AVM,28-ene,,,28-feb,,,,,,,,,,,,,,,,,,,
,ARCHIVADA,20-008-HPER,HORTIFRUT-PERU SAC,4700001568,RENE RAMIREZ,EUROBERRY MARKETING SA,MATERIAL DE EMPAQUE,BANDEJAS,499/19,5712,UN,$0.00,"€ 1,428.00","$1,713.60",60 días,FOB,SEA,FCL/FCL,DOVER,PAITA,40HC,2,,DIRECTO,SEATRADE,SGNV143DVR911002,COLD STREAM,27/12/2019,18/1/2020,3,NO,,,,,,TPE,AVM,27,,,,,,Verde,,,CHAO,AVM,6-feb,,,28-feb,,,,,,,,,,,,,,,,,,,
,ARCHIVADA,20-009-HPER,HORTIFRUT-PERU SAC,4700001566,RENE RAMIREZ,EUROBERRY MARKETING SA,MATERIAL DE EMPAQUE,BANDEJAS,420/19,5600,UN,$0.00,"€ 1,400.00","$1,680.00",60 días,FOB,SEA,FCL/FCL,DOVER,PAITA,40HC,1,,DIRECTO,SEATRADE,SGNV284VLI001099,PACIFIC REEFER,9/1/2020,2/2/2020,5,NO,,,21,,,TPE,AVM,28,,,,,,Verde,,,CHAO,AVM,12-feb,,,28-feb,,,,,,,,,,,,,,,,,,,
,ARCHIVADA,20-019-HPER,HORTIFRUT-PERU SAC,4700001673,COMUNICACIONES,HORTIFRUT CHILE S.A.,UTILES DE OFICINA,AGENDAS CORPORATIVAS,1,70,un,$70.00,€ 0.00,$70.00,60 días,CIF,AIR,AIR,SANTIAGO,LIMA,-,-,3,DHL,DHL,4700133631,-,24/1/2020,24/1/2020,4,NO,-,-,-,-,-,DHL,DHL,-,,,,,,Verde,,,,,,,,28-feb,,,,,,,,,,,,,,,,,,,
,ARCHIVADA,20-020-HPER,HORTIFRUT-PERU SAC,4700001673,COMUNICACIONES,HORTIFRUT CHILE S.A.,UTILES DE OFICINA,AGENDAS CORPORATIVAS,2,150,un,$150.00,€ 0.00,$150.00,60 días,CIF,AIR,AIR,SANTIAGO,LIMA,-,-,4,DHL,DHL,6166289172,-,24/1/2020,24/1/2020,4,NO,-,-,-,-,-,DHL,DHL,-,,,,,,Verde,,,,,,,,28-feb,,,,,,,,,,,,,,,,,,,
,ARCHIVADA,20-021-HPER,HORTIFRUT-PERU SAC,4700001673,COMUNICACIONES,HORTIFRUT CHILE S.A.,UTILES DE OFICINA,AGENDAS CORPORATIVAS,3,50,un,$50.00,€ 0.00,$50.00,60 días,CIF,AIR,AIR,SANTIAGO,LIMA,-,-,3,DHL,DHL,1044823216,-,24/1/2020,24/1/2020,4,NO,-,-,-,-,-,DHL,DHL,-,,,,,,Verde,,,,,,,,28-feb,,,,,,,,,,,,,,,,,,,
,ARCHIVADA,20-010-HTAL,HORTIFRUT-TAL SAC,4700001614,JOSE RIVERA,HORTIFRUT CHILE S.A.,PLANTAS,SEEDINGS 2018,8428,1281,UN,"$1,306.62",€ 0.00,"$1,306.62",60 días,CPT,AIR,AIR,SANTIAGO,LIMA,-,-,1,DIRECTO,LATAM,045-00933111,-,26/1/2020,26/1/2020,4,NO,-,-,-,-,-,TALMA,AVM,95,,,,,,Verde,,,CHAO,RVC,2 CTNR 15/FEB,,,28-feb,,,,,,,,,,,,,,,,,,,
,ARCHIVADA,20-010-HTAL,HORTIFRUT-TAL SAC,4700001614,JOSE RIVERA,HORTIFRUT CHILE S.A.,PLANTAS,SELECCIONES AVANZADAS,8428,1009,UN,"$1,029.18",0.00 €,"$1,029.18",60 días,CPT,AIR,AIR,SANTIAGO,LIMA,-,-,1,DIRECTO,LATAM,045-00933111,-,26/1/2020,26/1/2020,4,NO,,,NA,0,,TALMA,AVM,95,,,,,,Verde,,,CHAO,RVC,2 CTNR 15/FEB,,,28-feb,,,,,,,,,,,,,,,,,,,
,ARCHIVADA,20-011-HTAL,HORTIFRUT-TAL SAC,4700001615,JOSE RIVERA,HORTIFRUT CHILE S.A.,PLANTAS,KESTREL - REPOSICION,8430,1800,UN,$972.00,€ 0.00,$972.00,60 días,CPT,AIR,AIR,SANTIAGO,LIMA,-,-,3,DIRECTO,LATAM,045-00933461,-,26/1/2020,26/1/2020,4,NO,-,-,-,-,-,TALMA,AVM,96,,,,,,Verde,,,CHAO,RVC,2 CTNR 17/FEB ,,,28-feb,,,,,,,,,,,,,,,,,,,
,ARCHIVADA,20-011-HTAL,HORTIFRUT-TAL SAC,4700001616,JOSE RIVERA,HORTIFRUT CHILE S.A.,PLANTAS,KESTREL,8429,60000,UN,"$32,400.00",€ 0.00,"$32,400.00",60 días,CPT,AIR,AIR,SANTIAGO,LIMA,-,-,3,DIRECTO,LATAM,045-00933461,-,26/1/2020,26/1/2020,4,NO,-,-,-,-,-,TALMA,AVM,96,,,,,,Verde,,,CHAO,RVC,2 CTNR 17/FEB ,,,28-feb,,,,,,,,,,,,,,,,,,,
,ARCHIVADA,20-012-HTAL,HORTIFRUT-TAL SAC,4700001617,JOSE RIVERA,HORTIFRUT CHILE S.A.,PLANTAS,KESTREL,8674,114161,UN,"$61,646.94",€ 0.00,"$61,646.94",60 días,CPT,AIR,AIR,SANTIAGO,LIMA,-,-,7,DIRECTO,LATAM,045-09145253,-,26/1/2020,26/1/2020,4,NO,-,-,-,-,-,TALMA,AVM,100,,,,,,Verde,,,CHAO,RVC,2 CTNR 19/FEB,,,28-feb,,,,,,,,,,,,,,,,,,,
,ARCHIVADA,20-012-HTAL,HORTIFRUT-TAL SAC,4700001617,JOSE RIVERA,HORTIFRUT CHILE S.A.,PLANTAS,ROCIO,8674,74039,UN,"$188,059.06",0.00 €,"$188,059.06",60 días,CPT,AIR,AIR,SANTIAGO,LIMA,-,-,7,DIRECTO,LATAM,045-09145253,-,26/1/2020,26/1/2020,4,NO,-,-,-,-,-,TALMA,AVM,100,,,,,,Verde,,,CHAO,RVC,2 CTNR 19/FEB,,,28-feb,,,,,,,,,,,,,,,,,,,
,ARCHIVADA,20-013-HTAL,HORTIFRUT-TAL SAC,4700001618,JOSE RIVERA,HORTIFRUT CHILE S.A.,PLANTAS,KESTREL,8860,124039,UN,"$66,981.06",€ 0.00,"$66,981.06",60 días,CPT,AIR,AIR,SANTIAGO,LIMA,-,-,9,DIRECTO,LATAM,045-09242004,-,3/2/2020,3/2/2020,6,NO,-,-,-,-,-,TALMA,AVM,130,,,,,,Verde,,,CHAO,RVC,,,,28-feb,,,,,,,,,,,,,,,,,,,
,ARCHIVADA,20-013-HTAL,HORTIFRUT-TAL SAC,4700001618,JOSE RIVERA,HORTIFRUT CHILE S.A.,PLANTAS,ROCIO,8860,125961,UN,"$319,940.94",0.00 €,"$319,940.94",60 días,CPT,AIR,AIR,SANTIAGO,LIMA,-,-,9,DIRECTO,LATAM,045-09242004,-,3/2/2020,3/2/2020,6,NO,-,-,-,-,-,TALMA,AVM,130,,,,,,Verde,,,CHAO,RVC,,,,28-feb,,,,,,,,,,,,,,,,,,,
,ARCHIVADA,20-014-HTAL,HORTIFRUT-TAL SAC,4700001628,JOSE RIVERA,HORTIFRUT CHILE S.A.,PLANTAS,KESTREL - REPOSICION,9036,7200,UNI,"$12,339.68",€ 0.00,"$12,339.68",60 días,CPT,AIR,AIR,SANTIAGO,LIMA,-,-,10,DIRECTO,LATAM,045-08971373,-,10/2/2020,10/2/2020,7,NO,-,-,-,-,-,TALMA,AVM,147,,,,,,Verde,,,CHAO,RVC,,,,28-feb,,,,,,,,,,,,,,,,,,,
,ARCHIVADA,20-015-HPER,HORTIFRUT-PERU SAC,4700001642,RENE RAMIREZ,HORTIFRUT IMPORTS INC,MATERIAL DE EMPAQUE,BANDEJAS,2,5440,UN,"$1,360.00",€ 0.00,"$1,360.00",60 días,FOB,SEA,FCL/FCL,MANZANILLO,PAITA,40HC,1,,DIRECTO,SEABOARD,SMLU 5951643A,HELLE RITSCHER V. 9 ,12/2/2020,19/2/2020,8,NO,,,,-,,TPE,AVM,42,,,,,,Verde,,,CHAO,AVM,5-mar,,23-mar,5-nov,,,,,,,,,,,,,,,,,,,
,ARCHIVADA,20-016-HTAL,HORTIFRUT-TAL SAC,4700001626,JOSE RIVERA,HORTIFRUT NORTH AMERICA INC,PLANTAS,BLUEBERRY IN VITRO,116,91,UN,"$1,945.00",€ 0.00,"$1,945.00",60 días,CPT,AIR,AIR,PORTLAND,LIMA,-,-,1,DIRECTO,DELTA,612833925,-,23/2/2020,23/2/2020,8,NO,,,-,-,,TALMA,AVM,195,,,,,,Verde,,,CHAO,,,,,28-feb,,,,,,,,,,,,,,,,,,,
,ARCHIVADA,20-017-HPER,HORTIFRUT-PERU SAC,4700001641,RENE RAMIREZ,HORTIFRUT IMPORTS INC,MATERIAL DE EMPAQUE,BANDEJAS,3,10960,UN,"$2,740.00",€ 0.00,"$2,740.00",60 días,FOB,SEA,FCL/FCL,MANZANILLO,PAITA,40HC,2,,DIRECTO,SEABOARD,SMLU 5968757A,ERATO V. 24,10/2/2020,4/3/2020,10,NO,,,,-,,TPE,AVM,43,,,,,,Verde,,,CHAO,AVM,6-mar,,23-mar,5-nov,,,,,,,,,,,,,,,,,,,
,ARCHIVADA,20-018-HTAL,HORTIFRUT-TAL SAC,4700001465,JOSE RIVERA,CARFIA SL.,SUSTRATOS,FIBRA DE COCO,15/HDCL/19," 25,600 ", KGS ,"$21,000.00",€ 0.00,"$21,000.00", Contado ,CIF,SEA,FCL/FCL,COLOMBO,CALLAO,40HC,1,-,DIRECTO,ONE,ONEYCMBA00035300,MSC MADHU B FA004A,8/1/2020,5/3/2020,10,NO,,,21,30,,IMUPESA,AVM,162,,,,,,Verde,,13-mar,CHAO,AGERSA,16-mar,,26-mar,5-nov,,,,,,,,,,,,,,,,,,,
,ARCHIVADA,20-014-HTAL,HORTIFRUT-TAL SAC,4700001629,JOSE RIVERA,HORTIFRUT CHILE S.A.,PLANTAS,ROCIO,9035,66989,UNI,"$170,152.06",€ 0.00,"$170,152.06",60 días,CPT,AIR,AIR,SANTIAGO,LIMA,-,-,10,DIRECTO,LATAM,045-08971373,-,10/2/2020,10/2/2020,7,NO,-,-,-,-,-,TALMA,AVM,147,,,,,,Verde,,,CHAO,RVC,,,,28-feb,,,,,,,,,,,,,,,,,,,
,ARCHIVADA,20-014-HTAL,HORTIFRUT-TAL SAC,4700001629,JOSE RIVERA,HORTIFRUT CHILE S.A.,PLANTAS,KESTREL,9035,1800,UNI,"$3,042.00",€ 0.00,"$3,042.00",60 días,CPT,AIR,AIR,SANTIAGO,LIMA,-,-,10,DIRECTO,LATAM,045-08971373,-,10/2/2020,10/2/2020,7,NO,-,-,-,-,-,TALMA,AVM,147,,,,,,Verde,,,CHAO,RVC,,,,28-feb,,,,,,,,,,,,,,,,,,,
,ARCHIVADA,20-014-HTAL,HORTIFRUT-TAL SAC,4700001630,JOSE RIVERA,HORTIFRUT CHILE S.A.,PLANTAS,ROCIO,9032,174011,UNI,"$441,987.94",€ 0.00,"$441,987.94",60 días,CPT,AIR,AIR,SANTIAGO,LIMA,-,-,10,DIRECTO,LATAM,045-08971373,-,10/2/2020,10/2/2020,7,NO,-,-,-,-,-,TALMA,AVM,147,,,,,,Verde,,,CHAO,RVC,,,,28-feb,,,,,,,,,,,,,,,,,,,
,ARCHIVADA,20-022-HPER,HORTIFRUT-PERU SAC,4700001554,OMAR QUISPE,PROMISOL SA,AGROQUIMICOS,MUCIGEL,20023,9000,LT,$0.00,"€ 84,150.00","$84,150.00",90 días,CIF,SEA,FCL/LCL,BARCELONA,CALLAO,20ST,1.5,9,DIRECTO,HAPAG LLOYD,HLCUBC1200138174,CARTAGENA EXPRESS,1/2/2020,6/3/2020,10,NO,,,,30,,IMUPESA,AVM,196,,,,,,Verde,,12-mar,CHAO,AGERSA,14-mar,,26-mar,5-nov,,,,,,,,,,,,,,,,,,,
,ARCHIVADA,20-022-HPER,HORTIFRUT-PERU SAC,4700001559,OMAR QUISPE,PROMISOL SA,AGROQUIMICOS,PROMICALFOR,20019,13200,KGS,$0.00,"€ 48,840.00","$48,840.00",90 días,CIF,SEA,FCL/LCL,BARCELONA,CALLAO,20ST,-,11,DIRECTO,HAPAG LLOYD,HLCUBC1200138174,CARTAGENA EXPRESS,1/2/2020,6/3/2020,10,NO,,,,30,,IMUPESA,AVM,196,,,,,,Verde,,12-mar,CHAO,AGERSA,14-mar,,26-mar,5-nov,,,,,,,,,,,,,,,,,,,
,ARCHIVADA,20-023-HTAL,HORTIFRUT-TAL SAC,4700001555,OMAR QUISPE,PROMISOL SA,AGROQUIMICOS,MUCIGEL,20024,8000,LT,$0.00,"€ 74,800.00","$74,800.00",90 días,CIF,SEA,FCL/FCL,BARCELONA,CALLAO,20ST,1,8,DIRECTO,HAPAG LLOYD,HLCUBC1200138119,CARTAGENA EXPRESS,1/2/2020,6/3/2020,10,NO,,,,30,,IMUPESA,AVM,219,,,,,,Verde,,12-mar,CHAO,AGERSA,14-mar,,26-mar,5-nov,,,,,,,,,,,,,,,,,,,
,ARCHIVADA,20-023-HTAL,HORTIFRUT-TAL SAC,4700001558,OMAR QUISPE,PROMISOL SA,AGROQUIMICOS,PROMICALFOR,20020,10000,KGS,$0.00,"€ 37,000.00","$37,000.00",90 días,CIF,SEA,FCL/FCL,BARCELONA,CALLAO,20ST,-,24,DIRECTO,HAPAG LLOYD,HLCUBC1200138119,CARTAGENA EXPRESS,1/2/2020,6/3/2020,10,NO,,,,30,,IMUPESA,AVM,219,,,,,,Verde,,12-mar,CHAO,AGERSA,14-mar,,26-mar,5-nov,,,,,,,,,,,,,,,,,,,
,ARCHIVADA,20-024-BERR,BERRIES DE CHAO SAC,4700001556,OMAR QUISPE,PROMISOL SA,AGROQUIMICOS,MUCIGEL,20025,1000,LT,$0.00,"€ 9,350.00","$9,350.00",90 días,CIF,SEA,FCL/LCL,BARCELONA,CALLAO,20ST,0.5,1,DIRECTO,HAPAG LLOYD,HLCUBC1200128726,CARTAGENA EXPRESS,1/2/2020,6/3/2020,10,NO,,,,30,,IMUPESA,AVM,149,,,,,,Verde,,12-mar,CHAO,AGERSA,14-mar,,26-mar,5-nov,,,,,,,,,,,,,,,,,,,
,ARCHIVADA,20-024-BERR,BERRIES DE CHAO SAC,4700001557,OMAR QUISPE,PROMISOL SA,AGROQUIMICOS,PROMICALFOR,20021,800,KGS,$0.00,"€ 2,960.00","$2,960.00",90 días,CIF,SEA,FCL/LCL,BARCELONA,CALLAO,20ST,-,1,DIRECTO,HAPAG LLOYD,HLCUBC1200128726,CARTAGENA EXPRESS,1/2/2020,6/3/2020,10,NO,,,,30,,IMUPESA,AVM,149,,,,,,Verde,,12-mar,CHAO,AGERSA,14-mar,,26-mar,5-nov,,,,,,,,,,,,,,,,,,,
,ARCHIVADA,20-025-HPER,HORTIFRUT-PERU SAC,4700001588,OMAR QUISPE,PROMISOL SA,AGROQUIMICOS,CYTO FLOW AMIN,20033,800,KGS,$0.00,"€ 8,768.00","$8,768.00",,CIF,SEA,LCL/LCL,BARCELONA,CALLAO,-,-,1,TRASMEC,,17296,KRISTINA,15/2/2020,13/3/2020,11,,,,,30,,VILLAS OQUENDO,AVM,213,,,,,,Rojo,,2-abr,CHAO,AGERSA,4-abr,,16-abr,5-nov,,,,,,,,,,,,,,,,,,,
,ARCHIVADA,20-025-HPER,HORTIFRUT-PERU SAC,4700001591,OMAR QUISPE,PROMISOL SA,AGROQUIMICOS,MUCIGEL,20033,1000,KGS,$0.00,"€ 9,610.00","$9,610.00",,CIF,SEA,LCL/LCL,BARCELONA,CALLAO,-,-,1,TRASMEC,,17296,KRISTINA,15/2/2020,13/3/2020,11,,,,,30,,VILLAS OQUENDO,AVM,213,,,,,,Rojo,,2-abr,CHAO,AGERSA,4-abr,,16-abr,5-nov,,,,,,,,,,,,,,,,,,,
,ARCHIVADA,20-026-HTAL,HORTIFRUT-TAL SAC,4700001589,OMAR QUISPE,PROMISOL SA,AGROQUIMICOS,CYTO FLOW AMIN,20034,1200,KGS,$0.00,"€ 13,152.00","$13,152.00",,CIF,SEA,LCL/LCL,BARCELONA,CALLAO,-,-,2,TRASMEC,,17297,KRISTINA,15/2/2020,13/3/2020,11,,,,,30,,VILLAS OQUENDO,AVM,214,,,,,,Verde,,2-abr,CHAO,AGERSA,4-abr,,16-abr,5-nov,,,,,,,,,,,,,,,,,,,
,ARCHIVADA,20-027-HTAL,HORTIFRUT-TAL SAC,4700001686,JOSE RIVERA,HORTIFRUT CHILE S.A.,PLANTAS,ROCIO,9374,100000,UN,"$254,000.00",€ 0.00,"$254,000.00",60 días,CPT,AIR,AIR,SANTIAGO,LIMA,-,-,4,DIRECTO,KOREAN AIR,180-49613233,-,10/4/2020,10/4/2020,15,NO,-,-,-,-,-,TALMA,AVM,335,,,,,,Verde,,16-abr,OLMOS,RVC,18-abr,,30-abr,5-nov,,,,,,,,,,,,,,,,,,,
,ARCHIVADA,20-028-BERR,BERRIES DE CHAO SAC,4700001560,OMAR QUISPE,"AGROQUIMICA CODIAGRO, SL.",AGROQUIMICOS,FITOKONTROL-K,59,1000,LT,$0.00,"€ 2,324.26","$2,324.26",Contado,CIF,SEA,LCL/LCL,VALENCIA,CALLAO,-,-,1,NOATUM,,427973,CARTAGENA EXPRESS,7/2/2020,6/3/2020,10,,,,-,30,,IMUPESA,AVM,260,,,,,,Verde,,31-mar,CHAO,AGERSA,3-abr,,16-abr,5-nov,,,,,,,,,,,,,,,,,,,
,ARCHIVADA,20-029-HPER,HORTIFRUT-PERU SAC,4700001561,OMAR QUISPE,"AGROQUIMICA CODIAGRO, SL.",AGROQUIMICOS,FITOKONTROL-K,57,4000,LT,$0.00,"€ 8,142.15","$8,142.15",Contado,CIF,SEA,LCL/LCL,VALENCIA,CALLAO,-,-,4,NOATUM,,427389,CARTAGENA EXPRESS,7/2/2020,6/3/2020,10,,,,-,30,,IMUPESA,AVM,262,,,,,,Verde,,31-mar,CHAO,AGERSA,3-abr,,16-abr,5-nov,,,,,,,,,,,,,,,,,,,
,ARCHIVADA,20-030-HTAL,HORTIFRUT-TAL SAC,4700001562,OMAR QUISPE,"AGROQUIMICA CODIAGRO, SL.",AGROQUIMICOS,FITOKONTROL-K,58,2000,LT,$0.00,"€ 4,263.56","$4,263.56",Contado,CIF,SEA,LCL/LCL,VALENCIA,CALLAO,-,-,2,NOATUM,,427941,CARTAGENA EXPRESS,7/2/2020,6/3/2020,10,,,,-,30,,IMUPESA,AVM,261,,,,,,Verde,,31-mar,CHAO,AGERSA,3-abr,,16-abr,5-nov,,,,,,,,,,,,,,,,,,,
,ARCHIVADA,20-031-HPER,HORTIFRUT-PERU SAC,4700001569,OMAR QUISPE,EDEN MODERN AGRICULTURE S.L.,AGROQUIMICOS,DISPER CHLOROPHYL,1206 / 2020,750,KGS,$0.00,"€ 20,062.50","$20,062.50",60 días,EXW,SEA,LCL/LCL,BARCELONA,CALLAO,-,-,1,INCA LINES,,802020020115,KRISTINA,15/2/2020,12/3/2020,11,,,,,30,,VILLAS OQUENDO,AVM,278,,,,,,Verde,,30-mar,CHAO,AGERSA,3-abr,,16-abr,5-nov,,,,,,,,,,,,,,,,,,,
,ARCHIVADA,20-032-HTAL,HORTIFRUT-TAL SAC,4700001570,OMAR QUISPE,EDEN MODERN AGRICULTURE S.L.,AGROQUIMICOS,DISPER CHLOROPHYL,1205 / 2020,450,KGS,$0.00,"€ 12,037.50","$12,037.50",60 días,EXW,SEA,LCL/LCL,BARCELONA,CALLAO,-,-,1,INCA LINES,,802020020130,KRISTINA,15/2/2020,12/3/2020,11,,,,,30,,VILLAS OQUENDO,AVM,277,,,,,,Verde,,30-mar,CHAO,AGERSA,3-abr,,16-abr,5-nov,,,,,,,,,,,,,,,,,,,
,ARCHIVADA,20-033-HTAL,HORTIFRUT-TAL SAC,4700001580,JOSE RIVERA,"A & B PACKING EQUIPMENT, INC.",REPUESTOS DE MANTENIMIENTO,REPUESTOS,38308,1888,UN,"$8,405.12",€ 0.00,"$8,405.12",Contado,EXW,AIR,AIR,CHICAGO,LIMA,-,-,1,ULOG ,,2639706294,-,11/3/2020,12/3/2020,11,,,,,-,,SHOHIN,AVM,279,,,,,,Verde,,15-abr,CHAO,AGERSA,25-abr,,30-abr,5-nov,,,,,,,,,,,,,,,,,,,
,ARCHIVADA,20-034-HTAL,HORTIFRUT-TAL SAC,4700001613,OMAR QUISPE,"AGROQUIMICA CODIAGRO, SL.",AGROQUIMICOS,FITOKONTROL-K,85,9000,LT,$0.00,"€ 18,606.65","$18,606.65",Contado,CIF,SEA,LCL/LCL,VALENCIA,CALLAO,-,-,9,NOATUM,,428764,VALPARAISO EXPRESS,15/2/2020,13/3/2020,11,,,,-,30,,IMUPESA,AVM,263,,,,,,Verde,,31-mar,CHAO,AGERSA,3-abr,,16-abr,5-nov,,,,,,,,,,,,,,,,,,,
,ARCHIVADA,20-035-HTAL,HORTIFRUT-TAL SAC,4700001663,JOSE RIVERA,HORTIFRUT NORTH AMERICA INC,EQUIPO E INSTRUMENTACION,SUMINISTROS DE LABORATORIO,121,7339,UN,"$10,402.94",€ 0.00,"$10,402.94",60 días,CPT,AIR,AIR,MIAMI,LIMA,-,-,2,DIRECTO,LATAM,045-04297484,-,27/3/2020,28/3/2020,13,,,,,-,,TALMA,AVM,289,,,,,,Verde,,4-abr,CHAO,AGERSA,14-abr,,16-abr,5-nov,,,,,,,,,,,,,,,,,,,
,ARCHIVADA,20-036-HPER,HORTIFRUT-PERU SAC,4700001612,OMAR QUISPE,"AGROQUIMICA CODIAGRO, SL.",AGROQUIMICOS,FITOKONTROL-K,117,"14,000",LT,$0.00,"€ 28,303.02","$28,303.02",Contado,CIF,SEA,FCL/FCL,VALENCIA,CALLAO,20ST,1,14,NOATUM,,430839,SANTOS EXPRESS,7/3/2020,3/4/2020,14,NO,,,14,30,,IMUPESA,AVM,325,,,,,,Verde,,29-abr,CHAO,AGERSA,30-abr,,5-may,5-nov,,,,,,,,,,,,,,,,,,,
,ARCHIVADA,20-037-HTAL,HORTIFRUT-TAL SAC,4700001688,JOSE RIVERA,HORTIFRUT CHILE S.A.,PLANTAS,ROCIO,9381,"200,000",UN,"$508,000.00",€ 0.00,"$508,000.00",60 días,CPT,AIR,AIR,SANTIAGO,LIMA,-,-,7,DIRECTO,KOREAN AIR,180-49613281,-,20/4/2020,20/4/2020,17,NO,-,-,-,-,-,TALMA,AVM,363,,,,,,Verde,,25-abr,OLMOS,AVM,27-abr,,30-abr,5-nov,,,,,,,,,,,,,,,,,,,
,ARCHIVADA,20-038-HTAL,HORTIFRUT-TAL SAC,4700001691,JOSE RIVERA,HORTIFRUT CHILE S.A.,PLANTAS,ROCIO,9395,"200,000",UN,"$508,000.00",€ 0.00,"$508,000.00",60 días,CPT,AIR,AIR,SANTIAGO,LIMA,-,-,10,DIRECTO,KOREAN AIR,180-49616556,-,27/4/2020,27/4/2020,18,NO,-,-,-,-,-,TALMA,AVM,364,20-abr,,27-abr,28-abr,,Verde,28-abr,2-may,OLMOS,AVM,4-may,,5-may,5-nov,,,,,,,,,,,,,,,,,,,
,ARCHIVADA,20-039-HTAL,HORTIFRUT-TAL SAC,4700001712,JOSE RIVERA,HORTIFRUT CHILE S.A.,PLANTAS,ROCIO,9409,"250,000",UN,"$635,000.00",€ 0.00,"$635,000.00",60 días,CPT,AIR,AIR,SANTIAGO,LIMA,-,-,9,DIRECTO,KOREAN AIR,180-49616571,-,4/5/2020,4/5/2020,19,NO,-,-,-,-,-,TALMA,AVM,365,20-abr,22-abr,30-abr,4-may,,Verde,4-may,6-may,CHAO,RVC,7-may,,30-abr,5-nov,,,,,,,,,,,,,,,,,,,
,ARCHIVADA,20-040-HTAL,HORTIFRUT-TAL SAC,4700001715,JOSE RIVERA,HORTIFRUT CHILE S.A.,PLANTAS,ROCIO,9441,"100,000",UN,"$254,000.00",€ 0.00,"$254,000.00",60 días,CPT,AIR,AIR,SANTIAGO,LIMA,-,-,9,DIRECTO,KOREAN AIR,180-49611321,-,11/5/2020,11/5/2020,20,NO,-,-,-,-,-,TALMA,AVM,366,20-abr,22-abr,11-may,11-may,,Verde,13-may,14-may,CHAO,RVC,15-may,,25-may,5-nov,,,,,,,,,,,,,,,,,,,
,ARCHIVADA,20-040-HTAL,HORTIFRUT-TAL SAC,4700001715,JOSE RIVERA,HORTIFRUT CHILE S.A.,PLANTAS,KESTREL,9441,"150,000",UN,"$81,000.00",€ 0.00,"$81,000.00",60 días,CPT,AIR,AIR,SANTIAGO,LIMA,-,-,9,DIRECTO,KOREAN AIR,180-49611321,-,11/5/2020,11/5/2020,20,NO,-,-,-,-,-,TALMA,AVM,366,20-abr,22-abr,11-may,11-may,,Verde,13-may,14-may,CHAO,RVC,15-may,,25-may,5-nov,,,,,,,,,,,,,,,,,,,
,ARCHIVADA,20-041-HPER,HORTIFRUT-PERU SAC,4700001670,JOSE RIVERA,"A & B PACKING EQUIPMENT, INC.",REPUESTOS DE MANTENIMIENTO,"PLUG, SPROCKET",84585 (38788),"2,508",UN,"$23,378.82",€ 0.00,"$23,378.82",Contado,EXW,AIR,AIR,CHICAGO,LIMA,-,-,1,ULOG,,1900515429,-,9/5/2020,15/5/2020,20,NO,,,-,-,,SHOHIN,AVM,435,8-may,21-may,22-may,22-may,,Verde,25-may,25-may,CHAO,AGERSA,28-may,,22-jun,5-nov,,,,,,,,,,,,,,,,,,,
,ARCHIVADA,20-042-HPER,HORTIFRUT-PERU SAC,4700001675,OMAR QUISPE,PROMISOL SA,AGROQUIMICOS,PROMICALFOR,20160,"24,000",KGS,$0.00,"€ 88,800.00","$88,800.00",,CIF,SEA,FCL/FCL,BARCELONA,CALLAO,20ST,1,20,DIRECTO,CMA CGM,IBC0595538,CARTAGENA EXPRESS,11/4/2020,8/5/2020,19,,,,-,30,,IMUPESA,AVM,395,24-abr,4-may,11-may,7-may,,Verde,11-may,14-may,CHAO,AGERSA,18-may,,25-may,5-nov,,,,,,,,,,,,,,,,,,,
,ARCHIVADA,20-042-HPER,HORTIFRUT-PERU SAC,4700001675,OMAR QUISPE,PROMISOL SA,AGROQUIMICOS,MUCIGEL,20160,"18,000",LTS,$0.00,"€ 162,000.00","$162,000.00",,CIF,SEA,FCL/FCL,BARCELONA,CALLAO,20ST,1,18,DIRECTO,CMA CGM,IBC0595538,CARTAGENA EXPRESS,11/4/2020,8/5/2020,19,,,,-,30,,IMUPESA,AVM,395,24-abr,4-may,11-may,7-may,,Verde,11-may,14-may,CHAO,AGERSA,18-may,,25-may,5-nov,,,,,,,,,,,,,,,,,,,
,ARCHIVADA,20-043-HTAL,HORTIFRUT-TAL SAC,4700001499,RENE RAMIREZ,UNITEC CHILE S.P.A,REPUESTOS DE MANTENIMIENTO,"ELECTROVALVULA, CORREAS",162,107,UN,$0.00,"€ 1,778.50","$1,778.50",,DAP,AIR,AIR,SANTIAGO,LIMA,-,-,1,FEDEX,FEDEX,770336480919,-,2/5/2020,2/5/2020,18,,,,-,-,,FEDEX,FEDEX,-,4-may,4-may,5-may,5-may,,Verde,6-may,PEND,CHAO,FEDEX,15-may,,29-may,5-nov,,,,,,,,,,,,,,,,,,,
,ARCHIVADA,20-044-HPER,HORTIFRUT-PERU SAC,4700001733,OMAR QUISPE,HORTIFRUT CHILE S.A.,PLANTAS,KESTREL,9500,"200,000",UN,"$108,000.00",€ 0.00,"$108,000.00",60 días,CPT,AIR,AIR,SANTIAGO,LIMA,-,-,7,DIRECTO,KOREAN AIR,180-49872955,-,12/6/2020,12/6/2020,24,NO,-,-,-,-,-,TALMA,AVM,431,7-may,8-may,10-jun,12-jun,,Verde,12-jun,16-jun,CHAO,AVM,17-jun,,4-ago,5-nov,LIQUIDACION PARCIAL 30-JUN / LIQUIDACION COMPLEMENTARIA 04-AGO,,,,,,,,,,,,,,,,,,
,ARCHIVADA,20-045-HPER,HORTIFRUT-PERU SAC,4700001740,OMAR QUISPE,HORTIFRUT CHILE S.A.,PLANTAS,ROCIO,9550,"100,000",UN,"$254,000.00",€ 0.00,"$254,000.00",60 días,CPT,AIR,AIR,SANTIAGO,LIMA,-,-,7,DIRECTO,KOREAN AIR,180-49873235,-,15/6/2020,15/6/2020,25,NO,-,-,-,-,-,TALMA,AVM,432,3-jun,8-may,15-jun,16-jun,,Verde,16-jun,19-jun,CHAO,RVC,20-jun,,4-ago,5-nov,LIQUIDACION PARCIAL 30-JUN / LIQUIDACION COMPLEMENTARIA 04-AGO,,,,,,,,,,,,,,,,,,
,ARCHIVADA,20-045-HPER,HORTIFRUT-PERU SAC,4700001740,OMAR QUISPE,HORTIFRUT CHILE S.A.,PLANTAS,KESTREL,9550,"150,000",UN,"$81,000.00",€ 0.00,"$81,000.00",60 días,CPT,AIR,AIR,SANTIAGO,LIMA,-,-,7,DIRECTO,KOREAN AIR,180-49873235,-,15/6/2020,15/6/2020,25,NO,-,-,-,-,-,TALMA,AVM,432,3-jun,8-may,15-jun,16-jun,,Verde,16-jun,19-jun,CHAO,RVC,20-jun,,4-ago,5-nov,LIQUIDACION PARCIAL 30-JUN / LIQUIDACION COMPLEMENTARIA 04-AGO,,,,,,,,,,,,,,,,,,
,ARCHIVADA,20-046-HTAL,HORTIFRUT-PERU SAC,4700001748,OMAR QUISPE,HORTIFRUT CHILE S.A.,PLANTAS,ROCIO,9551,"150,000",UN,"$381,000.00",€ 0.00,"$381,000.00",60 días,CPT,AIR,AIR,SANTIAGO,LIMA,-,-,7,DIRECTO,KOREAN AIR,180-49876072,-,22/6/2020,22/6/2020,26,NO,-,-,-,-,-,TALMA,AVM,433,7-may,8-may,22-jun,22-jun,,Verde,22-jun,23-jun,CHAO,AVM,24-jun,,4-ago,5-nov,LIQUIDACION PARCIAL 30-JUN / LIQUIDACION COMPLEMENTARIA 04-AGO,,,,,,,,,,,,,,,,,,
,ARCHIVADA,20-046-HTAL,HORTIFRUT-PERU SAC,4700001748,OMAR QUISPE,HORTIFRUT CHILE S.A.,PLANTAS,KESTREL,9551,"32,500",UN,"$54,925.00",€ 0.00,"$54,925.00",60 días,CPT,AIR,AIR,SANTIAGO,LIMA,-,-,7,DIRECTO,KOREAN AIR,180-49876072,-,22/6/2020,22/6/2020,26,NO,-,-,-,-,-,TALMA,AVM,433,7-may,8-may,22-jun,22-jun,,Verde,22-jun,23-jun,CHAO,AVM,24-jun,,4-ago,5-nov,LIQUIDACION PARCIAL 30-JUN / LIQUIDACION COMPLEMENTARIA 04-AGO,,,,,,,,,,,,,,,,,,
,ARCHIVADA,20-047-HPER,HORTIFRUT-PERU SAC,4700001755,OMAR QUISPE,HORTIFRUT CHILE S.A.,PLANTAS,ROCIO,9591,"150,000",UN,"$381,000.00",€ 0.00,"$381,000.00",60 días,CPT,AIR,AIR,SANTIAGO,LIMA,-,-,10,DIRECTO,KOREAN AIR,180-49898590,-,20/7/2020,20/7/2020,30,SI,,222947216,-,-,-,TALMA,AVM,434,7-may,8-may,21-jul,,,Verde,,23-jul,CHAO,AVM,24-jul,,2-sept,5-nov,COMPLETA,,,,,,,,,,,,,,,,,,
,ARCHIVADA,20-048-HPER,HORTIFRUT-PERU SAC,4700001670,JOSE RIVERA,"A & B PACKING EQUIPMENT, INC.",REPUESTOS DE MANTENIMIENTO,"PLUG, SPROCKET",85514,2,UN,$539.98,€ 0.00,$539.98,Contado,DAP,AIR,AIR,CHICAGO,LIMA,-,-,1,FEDEX,FEDEX,140900209828,-,1/5/2020,6/5/2020,19,NO,,,-,-,,FEDEX,FEDEX,-,8-may,8-may,11-may,11-may,,Verde,12-may,PEND,CHAO,FEDEX,,,29-may,5-nov,,,,,,,,,,,,,,,,,,,
,ARCHIVADA,20-049-HPER,HORTIFRUT-PERU SAC,4700001692,OMAR QUISPE,PROMISOL SA,AGROQUIMICOS,PROMICALFOR,20183,"4,800",KGS,$0.00,"€ 17,760.00","$17,760.00",90 días,CIF,SEA,FCL/LCL,BARCELONA,CALLAO,20ST,0.52,4,DIRECTO,CMA CGM,IBC0596186E,VALPARAISO EXPRESS,17/4/2020,15/5/2020,20,,,,-,30,,IMUPESA,AVM,442,12-may,13-may,18-may,19-may,,Verde,19-may,29-may,CHAO,AGERSA,30-may,,22-jun,5-nov,,,,,,,,,,,,,,,,,,,
,ARCHIVADA,20-049-HPER,HORTIFRUT-PERU SAC,4700001692,OMAR QUISPE,PROMISOL SA,AGROQUIMICOS,MUCIGEL,20183,"6,000",LTS,$0.00,"€ 54,000.00","$54,000.00",90 días,CIF,SEA,FCL/LCL,BARCELONA,CALLAO,20ST,-,6,DIRECTO,CMA CGM,IBC0596186E,VALPARAISO EXPRESS,17/4/2020,15/5/2020,20,,,,-,30,,IMUPESA,AVM,442,12-may,13-may,18-may,19-may,,Verde,19-may,29-may,CHAO,AGERSA,30-may,,22-jun,5-nov,,,,,,,,,,,,,,,,,,,
,ARCHIVADA,20-050-HTAL,HORTIFRUT-TAL SAC,4700001693,OMAR QUISPE,PROMISOL SA,AGROQUIMICOS,PROMICALFOR,20182,"16,800",KGS,$0.00,"€ 62,160.00","$62,160.00",90 días,CIF,SEA,FCL/LCL,BARCELONA,CALLAO,20ST,-,14,DIRECTO,CMA CGM,IBC0596186D,VALPARAISO EXPRESS,17/4/2020,15/5/2020,20,,,,-,30,,IMUPESA,AVM,443,12-may,13-may,18-may,19-may,,Verde,19-may,29-may,CHAO,AGERSA,30-may,,22-jun,5-nov,,,,,,,,,,,,,,,,,,,
,ARCHIVADA,20-050-HTAL,HORTIFRUT-TAL SAC,4700001693,OMAR QUISPE,PROMISOL SA,AGROQUIMICOS,MUCIGEL,20182,"12,000",LTS,$0.00,"€ 108,000.00","$108,000.00",90 días,CIF,SEA,FCL/LCL,BARCELONA,CALLAO,20ST,1.36,12,DIRECTO,CMA CGM,IBC0596186D,VALPARAISO EXPRESS,17/4/2020,15/5/2020,20,,,,-,30,,IMUPESA,AVM,443,12-may,13-may,18-may,19-may,,Verde,19-may,29-may,CHAO,AGERSA,30-may,,22-jun,5-nov,,,,,,,,,,,,,,,,,,,
,ARCHIVADA,20-051-BERR,BERRIES DE CHAO SAC,4700001694,OMAR QUISPE,PROMISOL SA,AGROQUIMICOS,PROMICALFOR,20184,"2,400",KGS,$0.00,"€ 8,880.00","$8,880.00",90 días,CIF,SEA,FCL/LCL,BARCELONA,CALLAO,20ST,-,2,DIRECTO,CMA CGM,IBC0596186C,VALPARAISO EXPRESS,17/4/2020,15/5/2020,20,NO,,,-,30,,IMUPESA,AVM,444,12-may,13-may,18-may,19-may,,Verde,19-may,29-may,CHAO,AGERSA,30-may,,22-jun,5-nov,,,,,,,,,,,,,,,,,,,
,ARCHIVADA,20-052-HPER,HORTIFRUT-PERU SAC,4500894372,RENE RAMIREZ,INTRALOX LLC,REPUESTOS DE MANTENIMIENTO,ENGRANAJES,2021727,180,UN,"$12,043.85",€ 0.00,"$12,043.85",Contado,EXW,AIR,AIR,LOS ANGELES,LIMA,-,-,1,CH ROBINSON,,322172950MIA,-,3/6/2020,3/6/2020,23,NO,,,-,-,,TALMA,AVM,488,28-may,29-may,1-jun,6-jun,,Verde,6-jun,9-jun,SALAVERRY,AGERSA,12-jun,,30-jun,5-nov,LIQUIDACION COMPLETA,,,,,,,,,,,,,,,,,,
,ARCHIVADA,20-053-HTAL,HORTIFRUT-TAL SAC,4700001731,OMAR QUISPE,HORTIFRUT NORTH AMERICA INC,PLANTAS,BLUEBERRY PLANTS,130,"5,464",UN,"$13,388.68",€ 0.00,"$13,388.68",60 días,CIP,AIR,AIR,OREGON,LIMA,-,-,1,DIRECTO,LATAM,045-08948520,-,12/6/2020,12/6/2020,24,NO,,,-,-,,TALMA,AVM,490,28-may,29-may,1-jun,6-jun,,Verde,6-jun,10-jun,CHAO,AVM,11-jun,,30-jun,5-nov,LIQUIDACION COMPLETA,,,,,,,,,,,,,,,,,,
,ARCHIVADA,20-054-HPER,HORTIFRUT-PERU SAC,4700001718,RENE RAMIREZ,INDUSTRIA DE ENVASES TYPACK S.A.,MATERIAL DE EMPAQUE,PUNNET CESTA PET 150g,HFP-01/2020,"1,092,000",UN,"$27,463.80",€ 0.00,"$27,463.80",120 DÍAS,FOB,SEA,FCL/FCL,SAN ANTONIO,CALLAO,40HC,2,1820,DIRECTO,COSCO,COSU6264540990,CMA CGM JEAN GABRIEL ,29/5/2020,1/6/2020,23,NO,,,15,30,,IMUPESA,AVM,491,28-may,29-may,1-jun,10-jun,,Verde,11-jun,17-jun,SALAVERRY,AGERSA,18-jun,,30-jun,5-nov,LIQUIDACION COMPLETA,,,,,,,,,,,,,,,,,,
,ARCHIVADA,20-055-HPER,HORTIFRUT-PERU SAC,4700001719,RENE RAMIREZ,SAN JORGE PACKAGING S.A,MATERIAL DE EMPAQUE,"BOLSA AM ARAN. 1.5kg 58x45cmx30my
SELLAD",2,"840,000",UN,"$146,160.00",€ 0.00,"$146,160.00",60 días,EXW,SEA,FCL/FCL,SAN ANTONIO,CALLAO,20ST,1,10,CARGO BUSINESS,,CLL365-20E,E.R. BERLIN ,30/5/2020,5/6/2020,23,NO,,,21,30,,IMUPESA,AVM,492,28-may,29-may,8-jun,12-jun,,Verde,12-jun,13-jun,CHAO,AGERSA,17-jun,,30-jun,5-nov,PENDIENTE LIQUIDACION C & B LOGISTICS ,,,,,,,,,,,,,,,,,,
,ARCHIVADA,20-056-HTAL,HORTIFRUT-TAL SAC,4700001717,RENE RAMIREZ,INDUSTRIA DE ENVASES TYPACK S.A.,MATERIAL DE EMPAQUE,PUNNET CESTA PET 150g,TAL-01/2020,"1,092,000",UN,"$27,463.80",€ 0.00,"$27,463.80",120 DÍAS,FOB,SEA,FCL/FCL,SAN ANTONIO,CALLAO,40HC,2,-,DIRECTO,COSCO,COSU6264541030 ,CALLAO EXPRESS,5/6/2020,8/6/2020,24,NO,,,15,30,,IMUPESA,AVM,509,3-jun,4-jun,15-jun,16-jun,,Verde,16-jun,18-jun,CHAO,AGERSA,19-jun,,30-jun,5-nov,LIQUIDACION COMPLETA,,,,,,,,,,,,,,,,,,
,ARCHIVADA,20-057-BERR,BERRIES DE CHAO SAC,4700001679,OMAR QUISPE,"AGROQUIMICA CODIAGRO, SL.",AGROQUIMICOS,FITOKONTROL-K,55,"1,000",LTS,$0.00,"€ 2,707.90","$2,707.90",Contado,CIF,SEA,LCL/LCL,VALENCIA,CALLAO,-,-,1,NOATUM,,442847,CMA CGM TANYA,15/5/2020,12/6/2020,24,NO,,,14,30,,IMUPESA,AVM,510,3-jun,4-jun,15-jun,19-jun,,Verde,19-jun,20-jun,CHAO,AGERSA,23-jun,,30-jun,5-nov,LIQUIDACION COMPLETA,,,,,,,,,,,,,,,,,,
,ARCHIVADA,20-058-HPER,HORTIFRUT-PERU SAC,4700001680,OMAR QUISPE,"AGROQUIMICA CODIAGRO, SL.",AGROQUIMICOS,FITOKONTROL-K,53,"19,000",LTS,$0.00,"€ 37,615.19","$37,615.19",Contado,CIF,SEA,FCL/FCL,VALENCIA,CALLAO,20ST,2,19,NOATUM,,441280,CMA CGM TANYA,15/5/2020,12/6/2020,24,NO,,,14,30,,IMUPESA,AVM,511,3-jun,4-jun,15-jun,19-jun,,Verde,19-jun,20-jun,CHAO,AGERSA,23-jun,,30-jun,5-nov,LIQUIDACION COMPLETA,,,,,,,,,,,,,,,,,,
,ARCHIVADA,20-059-HTAL,HORTIFRUT-TAL SAC,4700001681,OMAR QUISPE,"AGROQUIMICA CODIAGRO, SL.",AGROQUIMICOS,FITOKONTROL-K,365,"9,000",LTS,$0.00,"€ 18,222.25","$18,222.25",Contado,CIF,SEA,LCL/LCL,VALENCIA,CALLAO,-,-,9,NOATUM,,442846,CMA CGM TANYA,15/5/2020,12/6/2020,24,NO,,,14,30,,IMUPESA,AVM,512,3-jun,4-jun,15-jun,19-jun,,Verde,19-jun,20-jun,CHAO,AGERSA,23-jun,,30-jun,5-nov,LIQUIDACION COMPLETA,,,,,,,,,,,,,,,,,,
,ARCHIVADA,20-060-HPER,HORTIFRUT-PERU SAC,4500004763,RENE RAMIREZ,PSS ENVASES SPA,MATERIAL DE EMPAQUE,BOLSA PACLIFE AM,1023,"4,200",UN,"$1,050.00",€ 0.00,"$1,050.00",30 días,FCA,AIR,AIR,SANTIAGO,LIMA,-,-,3,CH ROBINSON,,324996407SCL,-,12/6/2020,12/6/2020,24,NO,,,-,-,,TALMA,AVM,522,9-jun,12-may,15-jun,15-jun,,Verde,15-jun,16-jun,CHAO,AGERSA,18-jun,,30-jun,5-nov,LIQUIDACION COMPLETA,,,,,,,,,,,,,,,,,,
,ARCHIVADA,20-061-HPER,HORTIFRUT-PERU SAC,4700001728,JOSE RIVERA,AGROGENIUS LLC,EQUIPO E INSTRUMENTACION,FRUIT DUROMETER ,INV-2020051901,5,UN,"$3,122.08",€ 0.00,"$3,122.08",Contado,CIP,AIR,AIR,MIAMI,LIMA,-,-,1,UPS,UPS,1ZW012W90420025215,-,19/6/2020,21/6/2020,25,NO,,-,-,-,,UPS,AVM,673,8-jul,16-jul,16-jul,30-jul,235-2020-10-098331,Verde,30-jul,31-jul,SALAVERRY,AGERSA,4-ago,,2-sept,5-nov,LIQUI PARCIAL 01/SET. LIQUI FINAL 02/SET,,,,,,,,,,,,,,,,,,
,ARCHIVADA,20-062-HTAL,HORTIFRUT-TAL SAC,4700001729,JOSE RIVERA,AGROGENIUS LLC,EQUIPO E INSTRUMENTACION,FRUIT DUROMETER ,INV-2020060601,1,UN,$699.46,€ 0.00,$699.46,Contado,CIP,AIR,AIR,MIAMI,LIMA,-,-,1,UPS,UPS,1ZW012W90400014818,-,19/6/2020,21/6/2020,25,NO,,,-,-,,UPS,UPS,-,8-jul,16-jul,16-jul,6-jul,"235-2020-DI-
418839-00",Verde,16-jul,-,SALAVERRY,UPS,31-jul,,1-sept,5-nov,-,,,,,,,,,,,,,,,,,,
,ARCHIVADA,20-063-HTAL,HORTIFRUT-TAL SAC,4700001741,OMAR QUISPE,HORTIFRUT NORTH AMERICA INC,PLANTAS,BLUEBERRY PLANTS,137,939,UN,"$2,905.75",€ 0.00,"$2,905.75",60 días,CPT,AIR,AIR,LOS ANGELES,LIMA,-,-,1,DIRECTO,LATAM,045-0894 8601,-,21/6/2020,21/6/2020,25,NO,,,-,-,,TALMA,AVM,556,22-jun,-,-,22-jun,,Verde,22-jun,23-jun,CHAO,AVM,24-jun,,4-ago,5-nov,LIQUIDACION PARCIAL 30-JUN / LIQUIDACION COMPLEMENTARIA 04-AGO / Os.556 HFTAL - FALTA CBP VUCE  (notificada)  - JUNIO,,,,,,,,,,,,,,,,,,
,ARCHIVADA,20-064-HTAL,HORTIFRUT-TAL SAC,4700001690,JOSE RIVERA,COMERCIAL PROJAR SA,SUSTRATOS,TURBA BLEND 040,FRCLP-20-00273,132,UN,$0.00,"€ 23,232.00","$23,232.00",30 días,CIF,SEA,FCL/FCL,RIGA,CALLAO,40HC,6,126,DIRECTO,MSC,MEDUH1989530,MSC CHLOE,22/5/2020,24/6/2020,26,NO,,,21,30,,IMUPESA,AVM,561,22-jun,2-jul,8-jul,30-jun,,Verde,30-jun,15-jul,CHAO,AGERSA,17-jul,,18-ago,5-nov,-,,,,,,,,,,,,,,,,,,
,ARCHIVADA,20-065-HTAL,HORTIFRUT-TAL SAC,4700001690,JOSE RIVERA,COMERCIAL PROJAR SA,SUSTRATOS,TURBA BLEND 040,FRCLP-20-00295,132,UN,$0.00,"€ 23,232.00","$23,232.00",30 días,CIF,SEA,FCL/FCL,RIGA,CALLAO,40HC,6,126,DIRECTO,MSC,MEDUH1989589,MSC ANCHORAGE,29/5/2020,2/7/2020,27,NO,,,21,30,,IMUPESA,AVM,562,22-jun,2-jul,8-jul,,,Verde,,20-jul,CHAO,AGERSA,24-jul,,18-ago,5-nov,-,,,,,,,,,,,,,,,,,,
,ARCHIVADA,20-066-HTAL,HORTIFRUT-TAL SAC,4700001690,JOSE RIVERA,COMERCIAL PROJAR SA,SUSTRATOS,TURBA BLEND 040,FRCLP-20-00311,110,UN,$0.00,"€ 19,360.00","$19,360.00",30 días,CIF,SEA,FCL/FCL,RIGA,CALLAO,40HC,5,105,DIRECTO,MSC,MEDUH1991825,MSC VITA,30/5/2020,9/7/2020,28,NO,,,21,30,,IMUPESA,AVM,563,22-jun,2-jul,8-jul,,,Verde,,24-jul,CHAO,AGERSA,30-jul,,18-ago,5-nov,-,,,,,,,,,,,,,,,,,,
,ARCHIVADA,20-067-HTAL,HORTIFRUT-TAL SAC,4700001732,JOSE RIVERA,"A & B PACKING EQUIPMENT, INC.",REPUESTOS DE MANTENIMIENTO,VARIOS,86419,"1,148",UN,"$7,488.90",€ 0.00,"$7,488.90",Contado,EXW,AIR,AIR,MIAMI,LIMA,-,-,1,CH ROBINSON,,326941979MIA,-,12/7/2020,12/7/2020,28,NO,,,-,-,,SHOHIN,AVM,632,10-jul,-,-,10-jul,,Verde,10-jul,23-jul,CHAO,AGERSA,30-jul,,18-ago,5-nov,-,,,,,,,,,,,,,,,,,,
,ARCHIVADA,20-068-HPER,HORTIFRUT-PERU SAC,4700001738,RENE RAMIREZ,INDUSTRIA DE ENVASES TYPACK S.A.,MATERIAL DE EMPAQUE,PUNNET CESTA PET 150g,HFP-02/2020,"1,092,000",UN,"$27,463.80",€ 0.00,"$27,463.80",120 DÍAS,FOB,SEA,FCL/FCL,SAN ANTONIO,CALLAO,40HC,2,1820,DIRECTO,HMM,HDMUCLPE1973994,MSC RENEE,12/7/2020,22/7/2020,30,NO,,,21,30,,IMUPESA,AVM,642,15-jul,21-jul,21-jul,,,Verde,,29-jul,CHAO,AGERSA,3-ago,,18-ago,5-nov,-,,,,,,,,,,,,,,,,,,
,ARCHIVADA,20-069-HTAL,HORTIFRUT-TAL SAC,4700001739,RENE RAMIREZ,INDUSTRIA DE ENVASES TYPACK S.A.,MATERIAL DE EMPAQUE,PUNNET CESTA PET 150g,TAL-02/2020,"1,092,000",UN,"$27,463.80",€ 0.00,"$27,463.80",120 DÍAS,FOB,SEA,FCL/FCL,SAN ANTONIO,CALLAO,40HC,2,1820,DIRECTO,HMM,HDMUCLPE1973995,MSC RENEE,12/7/2020,22/7/2020,30,NO,,,21,30,,IMUPESA,AVM,644,15-jul,21-jul,21-jul,,,Verde,,29-jul,SALAVERRY,AGERSA,3-ago,,18-ago,5-nov,-,,,,,,,,,,,,,,,,,,
,ARCHIVADA,20-070-HTAL,HORTIFRUT-TAL SAC,4700001730,OMAR QUISPE,HORTIFRUT NORTH AMERICA INC,EQUIPO E INSTRUMENTACION,PLASTIC PARTS - SQUARE PLASTIC LIDS,129,"2,120",UN,$945.24,€ 0.00,$945.24,60 días,CIP,AIR,AIR,OREGON,LIMA,-,-,1,FEDEX,FEDEX,393021504069,-,19/5/2020,28/5/2020,22,NO,,,-,-,,FEDEX,FEDEX,-,-,-,-,-,,Verde,,-,CHAO,FEDEX,2-jun,,30-jun,5-nov,-,,,,,,,,,,,,,,,,,,
,ARCHIVADA,20-071-HTAL,HORTIFRUT-TAL SAC,4700001690,JOSE RIVERA,COMERCIAL PROJAR SA,SUSTRATOS,TURBA BLEND 040,FRCLP-20-00332,110,UN,$0.00,"€ 19,360.00","$19,360.00",30 días,CIF,SEA,FCL/FCL,RIGA,CALLAO,40HC,5,105,DIRECTO,MSC,MEDUH1993607,MSC AMALFI,12/6/2020,16/7/2020,29,NO,,,21,30,,IMUPESA,AVM,611,2-jul,2-jul,21-jul,14-jul, 118-2020-10-205626,Verde,15-jul,4-ago,CHAO,AGERSA,5-ago,,1-sept,5-nov,-,,,,,,,,,,,,,,,,,,
,ARCHIVADA,20-072-HPER,HORTIFRUT-PERU SAC,4700001671,JOSE RIVERA,"A & B PACKING EQUIPMENT, INC.",EQUIPO E INSTRUMENTACION,MAQUINA,38756,1,UN,"$167,300.00",€ 0.00,"$167,300.00",Contado,EXW,SEA,FCL/FCL,NEW YORK,CALLAO,20ST,1,,CH ROBINSON,,324977302MIA,VALPARAISO EXPRESS,25/6/2020,17/7/2020,29,NO,,,21,30,,IMUPESA,AVM,610,2-jul,2-jul,21-jul,,,,,27-jul,CHAO,AGERSA,30-jul,,18-ago,5-nov,-,,,,,,,,,,,,,,,,,,
,ARCHIVADA,20-073-HPER,HORTIFRUT-PERU SAC,4700001673,JOSE RIVERA,UNITEC S.P.A,REPUESTOS DE MANTENIMIENTO,"ELECTROVALVULA, CORREAS",20VF001559,-,UN,$0.00,"€ 26,679.94","$26,679.94",,DDP,AIR,AIR,GENOVA,LIMA,-,-,1,SCHRAFF,SCHRAFF,846801614,-,29/5/2020,7/6/2020,23,,,,-,-,,TNT,TNT,-,-,2-jul,3-jul,3-jul,,Verde,3-jul,-,SALAVERRY,TNT,10-jul,,15-jul,5-nov,-,,,,,,,,,,,,,,,,,,
,ARCHIVADA,20-074-HTAL,HORTIFRUT-TAL SAC,4700001592,JOSE RIVERA,UNITEC S.P.A,REPUESTOS DE MANTENIMIENTO,"ELECTROVALVULA, CORREAS",20VF-00752,VARIOS,UN,$0.00,"€ 12,976.25","$12,976.25",,DDP,AIR,AIR,GENOVA,LIMA,-,-,,SCHARFF,SCHARFF,541287770,-,22/6/2020,29/6/2020,27,,,,-,-,,SCHRAFF,AVM,-,2-jul,2-jul,3-jul,3-jul,,Verde,3-jul,-,CHAO,FEDEX,10-jul,,15-jul,5-nov,-,,,,,,,,,,,,,,,,,,
,ARCHIVADA,20-075-HPER,HORTIFRUT-PERU SAC,4700001756,OMAR QUISPE,HORTIFRUT CHILE S.A.,PLANTAS,ROCIO,9611,"225,000",UN,"$571,500.00",€ 0.00,"$571,500.00",60 días,CPT,AIR,AIR,SANTIAGO,LIMA,-,-,10,KOREAN AIR,KOREAN AIR,180-49898612,-,27/7/2020,27/7/2020,31,SI,,222964693,-,-,-,TALMA,AVM,657,21-jul,23-jul,30-jul,31-jul,235-2020-10-098856,Verde,31-jul,4-ago,CHAO,AVM,5-ago,,1-sept,5-nov,-,,,,,,,,,,,,,,,,,,
,ARCHIVADA,20-075-HPER,HORTIFRUT-PERU SAC,4700001756,OMAR QUISPE,HORTIFRUT CHILE S.A.,PLANTAS,SELECCIÓN,9611,40,UN,$40.00,€ 0.00,$40.00,60 días,CPT,AIR,AIR,SANTIAGO,LIMA,-,-,10,KOREAN AIR,KOREAN AIR,180-49898612,-,27/7/2020,27/7/2020,31,SI,,222964693,-,-,-,TALMA,AVM,657,21-jul,23-jul,30-jul,31-jul,235-2020-10-098856,Verde,31-jul,4-ago,CHAO,AVM,5-ago,,1-sept,5-nov,-,,,,,,,,,,,,,,,,,,
,ARCHIVADA,20-075-HPER,HORTIFRUT-PERU SAC,4700001756,OMAR QUISPE,HORTIFRUT CHILE S.A.,PLANTAS,KESTREL,9611,"35,000",UN,"$59,150.00",€ 0.00,"$59,150.00",60 días,CPT,AIR,AIR,SANTIAGO,LIMA,-,-,10,KOREAN AIR,KOREAN AIR,180-49898612,-,27/7/2020,27/7/2020,31,SI,,222964693,-,-,-,TALMA,AVM,657,21-jul,23-jul,30-jul,31-jul,235-2020-10-098856,Verde,31-jul,4-ago,CHAO,AVM,5-ago,,1-sept,5-nov,-,,,,,,,,,,,,,,,,,,
,ARCHIVADA,20-076-HTAL,HORTIFRUT-TAL SAC,4500912732,JOSE RIVERA,UNITEC CHILE S.P.A,REPUESTOS DE MANTENIMIENTO,REPUESTOS,12,-,UN,$0.00,"€ 9,404.45","$9,404.45",,EXW,AIR,AIR,SANTIAGO,LIMA,-,-,1,SEAFAIR,SEAFAIR,PELIM20080,-,10/8/2020,10/8/2020,33,NO,,-,-,-,,TALMA,AVM,713,8-ago,-,-,8-ago,235-2020-10-102990,Verde,8-ago,12-ago,CHAO,Agersa,13-ago,,1-sept,5-nov,-,,,,,,,,,,,,,,,,,,
,ARCHIVADA,20-077-HPER,HORTIFRUT-PERU SAC,4700001736,RENE RAMIREZ,FABRICA DE PLASTICOS J.C.K. SPA,MATERIAL DE EMPAQUE,PUNNET PET 11OZ 5X7,404,"544,320",UN,"$41,205.02",€ 0.00,"$41,205.02",90 días,FOB,SEA,FCL/FCL,SAN ANTONIO,CALLAO,40HC,1,720,CH ROBINSON,HAPAG LLOYD,329944202SCL,MSC LAUREN,8/8/2020,15/8/2020,33,NO,,-,22,30,,IMUPESA,AVM,718,8-ago,30-jul,12-ago,11-ago,118-2020-10-242949,Verde,11-ago,20-ago,SALAVERRY,Agersa,20-ago,,1-sept,5-nov,-,,,,,,,,,,,,,,,,,,
,ARCHIVADA,20-078-HTAL,HORTIFRUT-TAL SAC,4700001735,RENE RAMIREZ,FABRICA DE PLASTICOS J.C.K. SPA,MATERIAL DE EMPAQUE,PUNNET PET 11OZ 5X7,405,"544,320",UN,"$41,205.02",€ 0.00,"$41,205.02",90 días,FOB,SEA,FCL/FCL,SAN ANTONIO,CALLAO,40HC,1,720,CH ROBINSON,HAPAG LLOYD,329943920SCL,MSC LAUREN,8/8/2020,15/8/2020,33,NO,,-,22,30,,IMUPESA,AVM,719,8-ago,30-jul,12-ago,10-ago,118-2020-10-241931,Verde,10-ago,20-ago,CHAO,Agersa,20-ago,,1-sept,5-nov,-,,,,,,,,,,,,,,,,,,
,ARCHIVADA,20-079-HPER,HORTIFRUT-PERU SAC,4700001760,OMAR QUISPE,HORTIFRUT CHILE S.A.,PLANTAS,ROCIO,9629,"120,000",UN,"$304,800.00",€ 0.00,"$304,800.00",60 días,CPT,AIR,AIR,SANTIAGO,LIMA,-,-,8,DIRECTO,KOREAN AIR,180-49898516,-,3/8/2020,3/8/2020,32,SI,,222979362,-,-,-,TALMA,AVM,693,31-jul,30-jul,3-ago,4-ago,235-2020-10-100390,Verde,4-ago,6-ago,CHAO,AVM,7-ago,,1-sept,5-nov,-,,,,,,,,,,,,,,,,,,
,ARCHIVADA,20-079-HPER,HORTIFRUT-PERU SAC,4700001760,OMAR QUISPE,HORTIFRUT CHILE S.A.,PLANTAS,KESTREL,9629,"100,000",UN,"$186,000.00",€ 0.00,"$186,000.00",60 días,CPT,AIR,AIR,SANTIAGO,LIMA,-,-,8,DIRECTO,KOREAN AIR,180-49898516,-,3/8/2020,3/8/2020,32,SI,,222979362,-,-,-,TALMA,AVM,693,31-jul,30-jul,3-ago,4-ago,235-2020-10-100390,Verde,4-ago,6-ago,CHAO,AVM,7-ago,,1-sept,5-nov,-,,,,,,,,,,,,,,,,,,
,ARCHIVADA,20-080-HPER,HORTIFRUT-PERU SAC,4700001784,OMAR QUISPE,HORTIFRUT CHILE S.A.,PLANTAS,ROCIO,9647,"220,000",UN,"$558,800.00",€ 0.00,"$558,800.00",60 días,CPT,AIR,AIR,SANTIAGO,LIMA,-,-,9,DIRECTO,KOREAN AIR,180-49901806,-,10/8/2020,10/8/2020,33,SI,,222996625,-,-,-,TALMA,AVM,694,31-jul,30-jul,10-ago,11-ago,235-2020-10-103900,Verde,11-ago,14-ago,CHAO,AVM,15-ago,,17-sept,5-nov,LIQUIDACION PARCIAL 01/SET. LIQUIDACIÓN COMPLETA 17/SET,,,,,,,,,,,,,,,,,,
,ARCHIVADA,20-080-HPER,HORTIFRUT-PERU SAC,4700001784,OMAR QUISPE,HORTIFRUT CHILE S.A.,PLANTAS,KESTREL,9647,"30,000",UN,"$55,800.00",€ 0.00,"$55,800.00",60 días,CPT,AIR,AIR,SANTIAGO,LIMA,-,-,9,DIRECTO,KOREAN AIR,180-49901806,-,10/8/2020,10/8/2020,33,SI,,222996625,-,-,-,TALMA,AVM,694,31-jul,30-jul,10-ago,11-ago,235-2020-10-103900,Verde,11-ago,14-ago,CHAO,AVM,15-ago,,17-sept,5-nov,LIQUIDACION PARCIAL 01/SET. LIQUIDACIÓN COMPLETA 17/SET,,,,,,,,,,,,,,,,,,
,ARCHIVADA,20-081-HPER,HORTIFRUT-PERU SAC,4700001803,OMAR QUISPE,HORTIFRUT CHILE S.A.,PLANTAS,ROCIO,9657,"260,000",UN,"$743,600.00",€ 0.00,"$743,600.00",60 días,CPT,AIR,AIR,SANTIAGO,LIMA,-,-,9,DIRECTO,KOREAN AIR,180-49901961,-,17/8/2020,17/8/2020,34,SI,,223019208,-,-,-,TALMA,AVM,695,31-jul,30-jul,17-ago,19-ago,235-2020-10-108055,Verde,21-ago,23-ago,CHAO,AVM,24-ago,,1-sept,5-nov,PENDIENTE CPB,,,,,,,,,,,,,,,,,,
,ARCHIVADA,20-083-HPER,HORTIFRUT-PERU SAC,PEA23Z9930,JOSE RIVERA,ESTEL SL,REPUESTOS DE MANTENIMIENTO,REPUESTOS,24098,-,UN,$0.00,€ 0.00,$0.00,270 DÍAS,DAP,AIR,AIR,BARCELONA,LIMA,-,-,,DHL,DHL,6488933220,-,27/7/2020,3/8/2020,32,-,,-,-,-,,DHL,DHL,-,31-jul,31-jul,31-jul,,,Verde,,-,SALAVERRY,DHL,4-ago,,1-sept,5-nov,-,,,,,,,,,,,,,,,,,,
,ARCHIVADA,20-084-HPER,HORTIFRUT-PERU SAC,4700001757,RENE RAMIREZ,FABRICA DE PLASTICOS J.C.K. SPA,MATERIAL DE EMPAQUE,PUNNET PET 11OZ 5X7,414,"544,320",UN,"$41,205.02",€ 0.00,"$41,205.02",90 días,FOB,SEA,FCL/FCL,SAN ANTONIO,CALLAO,40HC,1,675,SEAFAIR,CMA CGM,SFCEXPJ01610,CMA CGM TANYA,21/8/2020,24/8/2020,35,,,,22,30,,IMUPESA,AVM,758,22-ago,11-ago,24-ago,24-ago,118-2020-10-260318,Verde,26-ago,28-ago,SALAVERRY,Agersa,28-ago,,1-sept,5-nov,,,,,,,,,,,,,,,,,,,
,ARCHIVADA,20-085-HTAL,HORTIFRUT-TAL SAC,4700001783,RENE RAMIREZ,FABRICA DE PLASTICOS J.C.K. SPA,MATERIAL DE EMPAQUE,PUNNET CESTA PET UK 150g,415,"820,125",UN,"$21,323.25",€ 0.00,"$21,323.25",90 días,FOB,SEA,FCL/FCL,SAN ANTONIO,CALLAO,40HC,1,675,SEAFAIR,CMA CGM,SFCEXPJ01611,CMA CGM TANYA,21/8/2020,24/8/2020,35,,,,22,30,,IMUPESA,AVM,759,,,,,,,,28-ago,CHAO,Agersa,28-ago,,,5-nov,,,,,,,,,,,,,,,,,,,
,ARCHIVADA,20-086-HPER,HORTIFRUT-PERU SAC,4700001782,RENE RAMIREZ,FABRICA DE PLASTICOS J.C.K. SPA,MATERIAL DE EMPAQUE,PUNNET CESTA PET UK 150g,417,"1,640,250",UN,"$42,646.50",€ 0.00,"$42,646.50",90 días,FOB,SEA,FCL/FCL,SAN ANTONIO,CALLAO,40HC,2,1350,SEAFAIR,CMA CGM,SFCEXPJ01612,GUAYAQUIL EXPRESS,28/8/2020,31/8/2020,36,NO,,-,22,30,,IMUPESA,AVM,772,28-ago,2-sept,2-sept,29-ago,118-2020-10-270121,Verde,8-sept,9-sept,SALAVERRY,Agersa,11-sept,,22-sept,5-nov,-,,,,,,,,,,,,,,,,,,
,ARCHIVADA,20-087-HTAL,HORTIFRUT-TAL SAC,CLB2I0000,RENE RAMIREZ,RIPELOCKER LLC,MATERIAL DE EMPAQUE,ENVASES PARA ARANDANOS,4,-,UN,"$12,400.00",€ 0.00,"$12,400.00",170 DÍAS,DDP,SEA,FCL/FCL,SEATTLE,CALLAO,40HC,1,141,EXPEDITORS,HAPAG LLOYD,6030045564,MAULLIN,17/7/2020,12/8/2020,33,NO,,-,-,30,,IMUPESA,EXPEDITORS,-,-,-,-,-,,Verde,,,SALAVERRY,EXPEDITORS,4-sept,,,5-nov,-,,,,,,,,,,,,,,,,,,
,ARCHIVADA,20-088-HPER,HORTIFRUT-PERU SAC,PEA2460301,RENE RAMIREZ,HORTIFRUT IMPORTS INC,EQUIPO E INSTRUMENTACION,MAQUINA GT6 ,20200723,1,UN,"$488,508.00",€ 0.00,"$488,508.00",60 DÍAS,CIF,SEA,FCL/FCL,LOS ANGELES,CALLAO,40HC,1,7,DIRECTO,ONE,ONEYRICAAZ684500,MSC VEGA,6/8/2020,29/8/2020,35,NO,,-,7,30,,IMUPESA,AVM,771,28-ago,2-sept,7-sept,8-sept,118-2020-20-000589,Rojo,10-sept,11-sept,SALAVERRY,AGERSA,12-sept,,30-sept,5-nov,LIQUIDACION PARCIAL 24/SET. LIQUIDACION COMPLETA EL 30/SET,,,,,,,,,,,,,,,,,,
,ARCHIVADA,20-090-HPER,HORTIFRUT-PERU SAC,4500914868,JOSE RIVERA,UNITEC CHILE S.P.A,REPUESTOS DE MANTENIMIENTO,REPUESTOS,16,32,UN,$0.00,"€ 12,573.62","$12,573.62",,EXW,AIR,AIR,SANTIAGO,LIMA,-,-,1,SEAFAIR,KOREAN AIR,PELIM20086,-,21/8/2020,21/8/2020,34,NO,,-,-,-,,SHOHIN,AVM,751,20-ago,-,17-ago,21-ago,235-2020-10-109413,Rojo,26-ago,27-ago,SALAVERRY,Agersa,27-ago,,,5-nov,-,,,,,,,,,,,,,,,,,,
,ARCHIVADA,20-091-HPER,HORTIFRUT-PERU SAC,4500913593,JOSE RIVERA,"A & B PACKING EQUIPMENT, INC.",REPUESTOS DE MANTENIMIENTO,REPUESTOS,40078,200,UN,$666.00,€ 0.00,$666.00,Contado,DDP,AIR,AIR,MICHIGAN,LIMA,-,-,1,UPS,UPS,1Z84T57T6751948039,-,22/8/2020,23/8/2020,34,NO,,-,-,-,,UPS,UPS,-,27-ago,27-ago,27-ago,22-may,2020-638795,Verde,22-ago,-,SALAVERRY,UPS,15-ago,,22-sept,5-nov,-,,,,,,,,,,,,,,,,,,
,ARCHIVADA,20-092-HPER,HORTIFRUT-PERU SAC,4700001759,RENE RAMIREZ,HORTIFRUT IMPORTS INC,MATERIAL DE EMPAQUE,FILM PUNNET PET 11OZ 5X7,417,"600,000",UN,"$28,932.00",€ 0.00,"$28,932.00",40 DÍAS,EXW,AIR,AIR,VANCOUVER,LIMA,-,-,3,CH ROBINSON,AIR CANADA,331676870MTR,-,4/9/2020,8/9/2020,37,SI,,223064918,-,-,,TALMA,AVM,790,2-sept,2-sept,7-sept,4-sept,235-2020-115608,Rojo,9-sept,10-sept,SALAVERRY,AGERSA,10-sept,,22-sept,5-nov,-,,,,,,,,,,,,,,,,,,
,ARCHIVADA,20-093-HTAL,HORTIFRUT-TAL SAC,4500915266,JOSE RIVERA,RIEGOS Y TECNOLOGIA SL,EQUIPO E INSTRUMENTACION,MATERIAL PARA BREEDING,20/517,62,UN,"$8,700.00",€ 0.00,"$8,700.00",50 DÍAS,EXW,AIR,AIR,VALENCIA,LIMA,-,-,2,DACSHER,AIR FRANCE,MAD-2350 5251,-,5/9/2020,9/9/2020,37,SI,,223073444,-,-,,TALMA,AVM,803,2-sept,14-sept,14-sept,,,Verde,,12-sept,CHAO,AGERSA,14-sept,,2-nov,5-nov,LIQUIDACION PARCIAL 22/SET. LIQUIDACION FINAL USD 15 LA POSITIVA  02/NOV,,,,,,,,,,,,,,,,,,
,ARCHIVADA,20-094-HPER,HORTIFRUT-PERU SAC,4700001822,OMAR QUISPE,HORTIFRUT CHILE S.A.,PLANTAS,KESTREL,9700,"105,000",UN,"$226,800.00",€ 0.00,"$226,800.00",60 días,CPT,AIR,AIR,SANTIAGO,LIMA,-,-,4,DIRECTO,KOREAN AIR,180-49905730,-,14/9/2020,14/9/2020,38,SI,,223087017,-,-,-,TALMA,AVM,810,12-sept,14-sept,14-sept,14-sept,235-2020-10-120334,Rojo,13--09,17-sept,CHAO,AVM,18-sept,,,5-nov,LIQUIDACION PARCIAL 25/SET. LIQUIDACION TOTAL EL 05/NOV CON  CPB S/ 278 SENASA Y LA POSITIVA USD 245,,,,,,,,,,,,,,,,,,
,ARCHIVADA,20-095-HPER,HORTIFRUT-PERU SAC,4700001791,RENE RAMIREZ,COEMBAL CHILE SA,MATERIAL DE EMPAQUE,PUNNET CESTA PET 250g,5546,"517,680",UN,"$16,389.75",€ 0.00,"$16,389.75",90 días,FOB,SEA,FCL/FCL,SAN ANTONIO,CALLAO,40HC,1,719,AIR SEA LOG,CMA CGM,SFCEXPJ01613,VALPARAISO EXPRESS ,2/10/2020,5/10/2020,41,SI,,223380016,15,30,,IMUPESA,AVM,830,18-sept,,,,,Verde,,9-oct,CHAO,AGERSA,10-oct,,30-oct,5-nov,-,,,,,,,,,,,,,,,,,,
,ARCHIVADA,20-096-HTAL,HORTIFRUT-TAL SAC,4700001785,OMAR QUISPE,PROMISOL SA,AGROQUIMICOS,PROMICALFOR,F/20402,"14,000",KGS,$0.00,"€ 51,800.00","$51,800.00",90 días,CIF,SEA,FCL/LCL,BARCELONA,CALLAO,20ST,0.12,43,DIRECTO,CMA CGM,IBC0634083A,CMA CGM JEAN GABRIEL,29/8/2020,25/9/2020,39,NO,,-,,,,IMUPESA,AVM,831,18-sept,,,,,Verde,,2-oct,CHAO,AGERSA,5-oct,8-oct,30-oct,5-nov,,,,,,,,,,,,,,,,,,,
,ARCHIVADA,20-097-HPER,HORTIFRUT-PERU SAC,4700001786,OMAR QUISPE,PROMISOL SA,AGROQUIMICOS,PROMICALFOR,F/20403,"10,000",KGS,$0.00,"€ 37,000.00","$37,000.00",90 días,CIF,SEA,FCL/LCL,BARCELONA,CALLAO,-,-,24,DIRECTO,CMA CGM,IBC0634083B,CMA CGM JEAN GABRIEL,29/8/2020,25/9/2020,39,NO,,-,,,,IMUPESA,AVM,832,18-sept,,,,,Verde,,2-oct,CHAO,AGERSA,5-oct,8-oct,30-oct,5-nov,,,,,,,,,,,,,,,,,,,
,ARCHIVADA,20-100-HPER,HORTIFRUT-PERU SAC,4700001761,RENE RAMIREZ,FASTIK LABEL AND SUPPLY INC,MATERIAL DE EMPAQUE,FILM PUNNET PET 11OZ 5X7,93231,"252,857",UN,"$12,192.76",€ 0.00,"$12,192.76",120 DÍAS,EXW,AIR,AIR,MIAMI,LIMA,-,-,2,CH ROBINSON,AIR CANADA,335772802MIA,-,12/10/2020,13/10/2020,42,SI,SICHER,,-,-,-,TALMA,AVM,897,,,,,,ROJO,,15-oct,CHAO,AGERSA,16-oct,,30-oct,5-nov,-,,,,,,,,,,,,,,,,,,
,ARCHIVADA,20-103-HPER,HORTIFRUT-PERU SAC,4700001787,JOSE RIVERA,COMERCIAL PROJAR SA,SUSTRATOS,BERRYPOT,FRCLP-20-00494,"22,080",UN,$0.00,"€ 27,820.80","$27,820.80",30 días,CIF,SEA,FCL/FCL,ALGECIRAS,CALLAO,40HC,1,24,DIRECTO,MSC,MEDUCD325105,MSC SHUBA B,10/9/2020,8/10/2020,41,NO,,-,21,30,2-oct,TPP,AVM,860,29-sept,,5-oct,,,Verde,,14-oct,CHAO,AGERSA,15-oct,,30-oct,5-nov,-,,,,,,,,,,,,,,,,,,
,ARCHIVADA,20-104-HTAL,HORTIFRUT-TAL SAC,4700001801,OMAR QUISPE,PROMISOL SA,AGROQUIMICOS,PROMICALFOR / MUCIGEL,F/ 20408,"7,000",KGS,$0.00,"€ 38,020.00","$38,020.00",,CIF,SEA,LCL/LCL,BARCELONA,CALLAO,-,-,4,MSL,,200403130/0405,SANTOS EXPRESS,11/9/2020,9/10/2020,41,NO,,-,-,7,-,NEPTUNIA,AVM,862,29-sept,,5-oct,,,Verde,,13-oct,CHAO,AGERSA,14-oct,,30-oct,5-nov,-,,,,,,,,,,,,,,,,,,
,ARCHIVADA,20-105-HTAL,HORTIFRUT-TAL SAC,4700001758,RENE RAMIREZ,FABRICA DE PLASTICOS J.C.K. SPA,MATERIAL DE EMPAQUE,PUNNET PET 11OZ 5X7,432,"544,320",UN,"$41,205.02",€ 0.00,"$41,205.02",90 días,FOB,SEA,FCL/FCL,SAN ANTONIO,CALLAO,40HC,1,720,AIR SEA LOG,HAPAG LLOYD,SFCEXPJ01656,UTE,3/10/2020,9/10/2020,41,SI,,223390227,6,30,8-oct,TPP,AVM,879,,,,,,VERDE,,14-oct,CHAO,TRANSPESA,16-oct,,30-oct,5-nov,-,,,,,,,,,,,,,,,,,,
,ARCHIVADA,20-105-HTAL,HORTIFRUT-TAL SAC,4700001819,RENE RAMIREZ,FABRICA DE PLASTICOS J.C.K. SPA,MATERIAL DE EMPAQUE,PUNNET CESTA PET UK 150g,432,"820,125",UN,"$21,323.25",€ 0.00,"$21,323.25",90 días,FOB,SEA,FCL/FCL,SAN ANTONIO,CALLAO,40HC,1,675,AIR SEA LOG,HAPAG LLOYD,SFCEXPJ01656,UTE,3/10/2020,9/10/2020,41,SI,,223390227,6,30,8-oct,TPP,AVM,879,,,,,,VERDE,,14-oct,CHAO,TRANSPESA,16-oct,,30-oct,5-nov,-,,,,,,,,,,,,,,,,,,
,ARCHIVADA,20-106-HPER,HORTIFRUT-PERU SAC,4700001820,RENE RAMIREZ,FABRICA DE PLASTICOS J.C.K. SPA,MATERIAL DE EMPAQUE,PUNNET CESTA PET UK 150g,431,"820,125",UN,"$21,323.25",€ 0.00,"$21,323.25",90 días,FOB,SEA,FCL/FCL,SAN ANTONIO,CALLAO,40HC,1,675,AIR SEA LOG,HAPAG LLOYD,SFCEXPJ01655,UTE,3/10/2020,9/10/2020,41,SI,,223387190,6,30,8-oct,TPP,AVM,877,,,,,,VERDE,,15-oct,CHAO,AGERSA,19-oct,,30-oct,5-nov,-,,,,,,,,,,,,,,,,,,
,ARCHIVADA,20-107-HPER,HORTIFRUT-PERU SAC,-,RENE RAMIREZ,DM PLAST,MATERIAL DE EMPAQUE,BANDEJAS,-,-,-,$0.00,€ 0.00,$0.00,Contado,DAP,AIR,AIR,MEXICO,LIMA,-,-,1,FEDEX,FEDEX,,-,,,,,,,,,,,DHL,,,,17-sept,,,,,,,,,,1-oct,5-nov,,,,,,,,,,,,,,,,,,,
,ARCHIVADA,20-108-HPER,HORTIFRUT-PERU SAC,4700001854,OMAR QUISPE,EURAM CHILE S.P.A,EQUIPO E INSTRUMENTACION,MALLA CORTAVIENTO ANTIMALEZA,398,780,M2,$263.80,€ 0.00,$263.80,20 DÍAS,CIF,SEA,LCL/LCL,SAN ANTONIO,CALLAO,-,-,2,MSL,MSL,SGO2009676-5,RHODOS,2/10/2020,5/10/2020,41,NO,,-,-,7,-,NEPTUNIA,AVM,872,2-oct,5-oct,5-oct,,,,,8-oct,,AGERSA,,,30-oct,28-feb,-,,,,,,,,,,,,,,,,,,
,ARCHIVADA,20-113-HPER,HORTIFRUT-PERU SAC,4500930147,JOSE RIVERA,UNITEC CHILE S.P.A,REPUESTOS DE MANTENIMIENTO,Pc HP 24 - 1 HD UNITEC CE0530147,22,3,UN,$0.00,"€ 18,225.00","$18,225.00",,EXW,AIR,AIR,SANTIAGO,LIMA,-,-,1,AIR SEA LOG,KOREAN AIR,PELIM20105C,-,12/10/2020,12/10/2020,42,SI,SICHER,5116494,-,-,-,SHOHIN,AVM,898,,,,,,ROJO,,15-oct,SALAVERRY,AGERSA,,,30-oct,5-nov,-,,,,,,,,,,,,,,,,,,
,ARCHIVADA,20-113-HPER,HORTIFRUT-PERU SAC,4500930211,JOSE RIVERA,UNITEC CHILE S.P.A,REPUESTOS DE MANTENIMIENTO,PORTARODILLO UNITEC DD2200210,23,200,UN,$0.00,"€ 1,426.00","$1,426.00",,EXW,AIR,AIR,SANTIAGO,LIMA,-,-,1,AIR SEA LOG,KOREAN AIR,PELIM20105C,-,12/10/2020,12/10/2020,42,SI,SICHER,5116494,-,-,-,SHOHIN,AVM,898,,,,,,ROJO,,15-oct,SALAVERRY,AGERSA,,,30-oct,5-nov,-,,,,,,,,,,,,,,,,,,
,ANULADO,-,HORTIFRUT-PERU SAC,4700001673,OMAR QUISPE,PROMISOL SA,AGROQUIMICOS,CYTO FLOW AMIN,,2100,KGS,$0.00,29190,"$29,190.00",,CIF,AIR,AIR,BARCELONA,LIMA,-,-,,,,,,,,,,,,,,,,-,-,,,,,,,,,,,,,,,,,,,,,,,,,,,,,,,,,
,ANULADO,-,HORTIFRUT-TAL SAC,4700001673,OMAR QUISPE,PROMISOL SA,AGROQUIMICOS,CYTO FLOW AMIN,,1340,KGS,$0.00,18626,"$18,626.00",,CIF,AIR,AIR,BARCELONA,LIMA,-,-,,,,,,,,,,,,,,,,-,-,,,,,,,,,,,,,,,,,,,,,,,,,,,,,,,,,
,ANULADO,-,BERRIES DE CHAO SAC,4700001832,OMAR QUISPE,EDEN MODERN AGRICULTURE S.L.,AGROQUIMICOS,DISPER CHLOROPHYL,,40,KGS,$0.00,"€ 1,016.40","$1,016.40",,EXW,SEA,LCL/LCL,,CALLAO,-,-,,,,,,,,,,,,,,,,-,,,,,,,,,,,,,,,,SE AGREGÓ A LA OC DE HTAL Y SE HARÁ UNA VTA INTERNA,,,,,,,,,,,,,,,,,,
,ANULADO,-,BERRIES DE CHAO SAC,4700001673,OMAR QUISPE,PROMISOL SA,AGROQUIMICOS,CYTO FLOW AMIN,,60,KGS,$0.00,€ 834.00,$834.00,,CIF,AIR,AIR,,LIMA,-,-,,,,,,,,,,,,,,,,-,,,,,,,,,,,,,,,,,,,,,,,,,,,,,,,,,,
